501,10,0,143,134,0,P1
501,10,1,81,122,0,P1
501,10,2,101,118,51,P1
501,10,3,75,122,0,P1
501,10,4,97,103,16,P1
501,10,5,47,102,0,P1
501,10,6,105,120,36,P1
501,10,7,151,117,10,P1
501,10,8,125,118,24,P1
501,10,9,87,123,0,P1
501,10,10,49,103,0,P1
501,10,11,171,145,8,P1
501,10,12,125,126,16,P1
501,10,13,63,112,21,P1
501,10,14,81,105,0,P1
501,10,15,99,110,30,P1
501,10,16,123,106,10,P1
501,10,17,29,101,0,P1
501,10,18,171,114,0,P1
501,10,19,123,119,0,P1
501,10,20,59,114,0,P1
501,10,21,83,114,0,P1
501,10,22,141,103,0,P1
501,10,23,71,100,44,P1
501,10,24,85,104,0,P1
501,10,25,125,124,19,P1
501,10,26,51,119,0,P1
501,10,27,149,133,4,P1
501,10,28,89,136,15,P1
501,10,29,121,121,20,P1
501,10,30,99,108,0,P1
501,10,31,137,114,18,P1
501,10,32,125,117,17,P1
501,10,33,93,125,0,P1
501,10,34,135,126,33,P1
501,10,35,113,109,0,P1
501,10,36,83,104,0,P1
501,10,37,111,117,0,P1
501,10,38,61,127,0,P1
501,10,39,111,118,0,P1
501,10,40,49,132,55,P1
501,10,41,47,106,0,P1
501,10,42,51,102,0,P1
501,10,43,69,104,0,P1
501,10,44,69,111,0,P1
501,10,45,91,109,0,P1
501,10,46,121,140,6,P1
501,10,47,165,132,0,P1
501,10,48,103,108,0,P1
501,10,49,121,102,35,P1
501,10,50,129,139,0,P1
501,10,51,67,104,0,P1
501,10,52,59,105,0,P1
501,10,53,35,106,0,P1
501,10,54,151,150,0,P1
501,10,55,75,144,0,P1
501,10,56,65,114,0,P1
501,10,57,57,108,0,P1
501,10,58,127,123,0,P1
501,10,59,65,114,0,P1
501,10,60,77,111,0,P1
501,10,61,69,115,0,P1
501,10,62,113,129,0,P1
501,10,63,103,113,13,P1
501,10,64,113,124,4,P1
501,10,65,175,122,30,P1
501,10,66,51,120,0,P1
501,10,67,45,125,9,P1
501,10,68,69,103,18,P1
501,10,69,139,109,15,P1
501,10,70,169,133,19,P1
501,10,71,141,106,18,P1
501,10,72,67,101,0,P1
501,10,73,69,149,0,P1
501,10,74,93,130,0,P1
501,10,75,157,109,0,P1
501,10,76,139,124,23,P1
501,10,77,107,102,28,P1
501,10,78,111,117,7,P1
501,10,79,27,131,0,P1
501,10,80,145,110,22,P1
501,10,81,75,104,0,P1
501,10,82,71,102,10,P1
501,10,83,143,129,49,P1
501,10,84,85,104,0,P1
501,10,85,145,132,0,P1
501,10,86,43,116,0,P1
501,10,87,83,101,43,P1
501,10,88,51,129,0,P1
501,10,89,89,152,7,P1
501,10,90,113,100,31,P1
501,10,91,69,106,12,P1
501,10,92,59,102,0,P1
501,10,93,129,114,22,P1
501,10,94,65,114,0,P1
501,10,95,191,100,24,P1
501,10,96,143,142,20,P1
501,10,97,157,109,62,P1
501,10,98,125,136,20,P1
501,10,99,73,108,18,P1
451,10,0,65,109,0,P1
451,10,1,95,142,0,P1
451,10,2,77,105,0,P1
451,10,3,93,111,0,P1
451,10,4,81,101,0,P1
451,10,5,125,131,14,P1
451,10,6,139,117,0,P1
451,10,7,113,120,25,P1
451,10,8,113,112,67,P1
451,10,9,119,119,20,P1
451,10,10,97,147,0,P1
451,10,11,107,117,11,P1
451,10,12,85,127,0,P1
451,10,13,109,128,18,P1
451,10,14,243,124,26,P1
451,10,15,59,104,0,P1
451,10,16,111,105,13,P1
451,10,17,183,119,28,P1
451,10,18,135,106,0,P1
451,10,19,111,101,16,P1
451,10,20,149,106,35,P1
451,10,21,127,109,21,P1
451,10,22,155,127,19,P1
451,10,23,75,113,0,P1
451,10,24,23,100,0,P1
451,10,25,35,102,0,P1
451,10,26,101,123,0,P1
451,10,27,39,106,0,P1
451,10,28,31,110,0,P1
451,10,29,115,100,0,P1
451,10,30,135,112,18,P1
451,10,31,153,125,15,P1
451,10,32,71,103,0,P1
451,10,33,89,137,0,P1
451,10,34,87,113,0,P1
451,10,35,105,123,16,P1
451,10,36,63,115,7,P1
451,10,37,73,106,0,P1
451,10,38,95,109,0,P1
451,10,39,143,113,0,P1
451,10,40,125,101,6,P1
451,10,41,73,104,0,P1
451,10,42,119,147,34,P1
451,10,43,95,113,0,P1
451,10,44,89,144,0,P1
451,10,45,31,106,0,P1
451,10,46,93,121,0,P1
451,10,47,53,100,0,P1
451,10,48,75,105,0,P1
451,10,49,201,100,0,P1
451,10,50,123,116,0,P1
451,10,51,75,139,0,P1
451,10,52,77,112,0,P1
451,10,53,57,106,0,P1
451,10,54,77,121,4,P1
451,10,55,29,127,0,P1
451,10,56,77,145,0,P1
451,10,57,77,123,0,P1
451,10,58,71,103,0,P1
451,10,59,81,107,0,P1
451,10,60,61,115,0,P1
451,10,61,115,133,0,P1
451,10,62,117,121,3,P1
451,10,63,161,129,27,P1
451,10,64,143,130,3,P1
451,10,65,107,111,0,P1
451,10,66,141,113,0,P1
451,10,67,77,112,12,P1
451,10,68,49,105,0,P1
451,10,69,131,102,0,P1
451,10,70,161,135,0,P1
451,10,71,81,101,31,P1
451,10,72,77,126,0,P1
451,10,73,121,126,8,P1
451,10,74,75,111,0,P1
451,10,75,111,128,0,P1
451,10,76,239,105,28,P1
451,10,77,83,108,18,P1
451,10,78,113,116,0,P1
451,10,79,135,123,0,P1
451,10,80,69,100,0,P1
451,10,81,61,122,0,P1
451,10,82,117,125,12,P1
451,10,83,126,124,0,P1
451,10,84,127,107,29,P1
451,10,85,65,121,0,P1
451,10,86,179,121,21,P1
451,10,87,107,106,0,P1
451,10,88,151,105,0,P1
451,10,89,25,109,0,P1
451,10,90,105,116,0,P1
451,10,91,113,107,20,P1
451,10,92,97,116,0,P1
451,10,93,65,122,0,P1
451,10,94,91,105,0,P1
451,10,95,131,125,14,P1
451,10,96,151,138,0,P1
451,10,97,133,140,1,P1
451,10,98,61,123,1,P1
451,10,99,23,144,0,P1
401,10,0,41,100,0,P1
401,10,1,135,117,0,P1
401,10,2,69,131,0,P1
401,10,3,103,107,31,P1
401,10,4,81,104,0,P1
401,10,5,113,112,17,P1
401,10,6,169,117,0,P1
401,10,7,59,114,0,P1
401,10,8,61,108,0,P1
401,10,9,113,104,0,P1
401,10,10,73,102,0,P1
401,10,11,89,104,0,P1
401,10,12,71,110,11,P1
401,10,13,129,102,0,P1
401,10,14,147,107,0,P1
401,10,15,71,102,18,P1
401,10,16,51,119,0,P1
401,10,17,115,122,31,P1
401,10,18,41,122,0,P1
401,10,19,77,109,0,P1
401,10,20,123,107,0,P1
401,10,21,91,106,0,P1
401,10,22,139,107,14,P1
401,10,23,73,124,0,P1
401,10,24,173,114,13,P1
401,10,25,51,140,0,P1
401,10,26,95,104,0,P1
401,10,27,193,119,29,P1
401,10,28,27,101,0,P1
401,10,29,63,110,0,P1
401,10,30,139,116,0,P1
401,10,31,163,126,0,P1
401,10,32,143,124,0,P1
401,10,33,79,113,0,P1
401,10,34,139,109,34,P1
401,10,35,191,131,8,P1
401,10,36,45,114,0,P1
401,10,37,149,114,9,P1
401,10,38,91,123,0,P1
401,10,39,141,112,25,P1
401,10,40,61,118,0,P1
401,10,41,51,109,0,P1
401,10,42,97,130,0,P1
401,10,43,73,114,0,P1
401,10,44,171,105,21,P1
401,10,45,61,154,0,P1
401,10,46,111,107,0,P1
401,10,47,139,116,0,P1
401,10,48,91,123,0,P1
401,10,49,179,127,5,P1
401,10,50,153,111,0,P1
401,10,51,105,124,16,P1
401,10,52,81,111,12,P1
401,10,53,131,105,25,P1
401,10,54,89,133,0,P1
401,10,55,147,133,20,P1
401,10,56,87,127,0,P1
401,10,57,131,118,0,P1
401,10,58,129,117,0,P1
401,10,59,105,100,24,P1
401,10,60,97,131,8,P1
401,10,61,53,102,0,P1
401,10,62,45,112,0,P1
401,10,63,115,117,0,P1
401,10,64,63,106,0,P1
401,10,65,127,105,0,P1
401,10,66,67,124,0,P1
401,10,67,49,101,0,P1
401,10,68,165,107,12,P1
401,10,69,179,101,12,P1
401,10,70,117,116,22,P1
401,10,71,91,127,0,P1
401,10,72,173,109,0,P1
401,10,73,81,119,12,P1
401,10,74,123,107,0,P1
401,10,75,67,102,0,P1
401,10,76,57,114,0,P1
401,10,77,105,101,4,P1
401,10,78,51,102,0,P1
401,10,79,91,100,0,P1
401,10,80,117,101,13,P1
401,10,81,87,107,12,P1
401,10,82,123,100,0,P1
401,10,83,49,111,20,P1
401,10,84,65,110,0,P1
401,10,85,67,107,14,P1
401,10,86,63,114,0,P1
401,10,87,95,101,0,P1
401,10,88,87,110,0,P1
401,10,89,61,113,0,P1
401,10,90,275,118,24,P1
401,10,91,85,103,0,P1
401,10,92,99,107,15,P1
401,10,93,49,121,0,P1
401,10,94,91,101,0,P1
401,10,95,57,117,0,P1
401,10,96,114,116,0,P1
401,10,97,119,133,39,P1
401,10,98,71,118,0,P1
401,10,99,195,115,0,P1
351,10,0,95,128,0,P1
351,10,1,137,110,34,P1
351,10,2,79,102,0,P1
351,10,3,93,104,0,P1
351,10,4,95,124,0,P1
351,10,5,39,129,0,P1
351,10,6,181,144,0,P1
351,10,7,97,140,0,P1
351,10,8,89,105,0,P1
351,10,9,201,138,10,P1
351,10,10,79,106,0,P1
351,10,11,81,132,33,P1
351,10,12,167,133,33,P1
351,10,13,185,104,14,P1
351,10,14,163,112,13,P1
351,10,15,79,140,0,P1
351,10,16,143,111,56,P1
351,10,17,129,105,18,P1
351,10,18,109,125,4,P1
351,10,19,65,118,0,P1
351,10,20,89,103,0,P1
351,10,21,183,124,0,P1
351,10,22,81,114,0,P1
351,10,23,93,102,0,P1
351,10,24,111,147,0,P1
351,10,25,93,119,0,P1
351,10,26,77,138,2,P1
351,10,27,67,115,0,P1
351,10,28,139,103,0,P1
351,10,29,123,134,0,P1
351,10,30,127,105,23,P1
351,10,31,51,111,0,P1
351,10,32,93,118,0,P1
351,10,33,151,109,0,P1
351,10,34,189,108,0,P1
351,10,35,119,110,36,P1
351,10,36,59,112,0,P1
351,10,37,15,111,0,P1
351,10,38,187,118,45,P1
351,10,39,121,128,0,P1
351,10,40,53,116,0,P1
351,10,41,85,117,0,P1
351,10,42,193,107,57,P1
351,10,43,67,119,18,P1
351,10,44,101,119,12,P1
351,10,45,39,118,0,P1
351,10,46,107,103,0,P1
351,10,47,115,102,11,P1
351,10,48,71,106,0,P1
351,10,49,139,118,4,P1
351,10,50,113,102,0,P1
351,10,51,75,112,0,P1
351,10,52,81,114,0,P1
351,10,53,103,119,53,P1
351,10,54,161,110,42,P1
351,10,55,45,106,0,P1
351,10,56,107,101,0,P1
351,10,57,67,109,0,P1
351,10,58,103,118,14,P1
351,10,59,63,151,0,P1
351,10,60,131,114,0,P1
351,10,61,65,106,0,P1
351,10,62,105,107,0,P1
351,10,63,189,119,0,P1
351,10,64,37,121,0,P1
351,10,65,159,101,32,P1
351,10,66,67,100,4,P1
351,10,67,113,110,48,P1
351,10,68,123,128,39,P1
351,10,69,111,101,0,P1
351,10,70,101,124,0,P1
351,10,71,147,107,28,P1
351,10,72,115,109,14,P1
351,10,73,105,120,0,P1
351,10,74,101,107,0,P1
351,10,75,133,124,0,P1
351,10,76,53,101,0,P1
351,10,77,169,107,49,P1
351,10,78,179,106,0,P1
351,10,79,235,111,12,P1
351,10,80,151,123,26,P1
351,10,81,125,111,33,P1
351,10,82,189,102,88,P1
351,10,83,65,120,0,P1
351,10,84,91,123,28,P1
351,10,85,79,114,0,P1
351,10,86,83,129,0,P1
351,10,87,69,103,0,P1
351,10,88,143,118,21,P1
351,10,89,125,114,16,P1
351,10,90,121,119,0,P1
351,10,91,115,105,0,P1
351,10,92,75,121,0,P1
351,10,93,109,112,3,P1
351,10,94,121,129,0,P1
351,10,95,61,127,0,P1
351,10,96,173,134,50,P1
351,10,97,77,105,30,P1
351,10,98,111,138,0,P1
351,10,99,83,115,43,P1
301,10,0,79,101,0,P1
301,10,1,117,122,13,P1
301,10,2,179,124,0,P1
301,10,3,97,103,0,P1
301,10,4,67,127,0,P1
301,10,5,37,133,0,P1
301,10,6,109,131,24,P1
301,10,7,109,106,32,P1
301,10,8,153,112,2,P1
301,10,9,39,103,0,P1
301,10,10,109,117,27,P1
301,10,11,97,100,0,P1
301,10,12,87,139,0,P1
301,10,13,139,114,0,P1
301,10,14,37,125,0,P1
301,10,15,101,102,0,P1
301,10,16,61,131,0,P1
301,10,17,85,108,0,P1
301,10,18,81,106,0,P1
301,10,19,129,109,28,P1
301,10,20,47,114,0,P1
301,10,21,81,104,17,P1
301,10,22,131,111,0,P1
301,10,23,69,110,0,P1
301,10,24,97,100,0,P1
301,10,25,151,105,0,P1
301,10,26,87,116,0,P1
301,10,27,215,104,23,P1
301,10,28,95,101,0,P1
301,10,29,111,112,0,P1
301,10,30,179,121,75,P1
301,10,31,45,131,0,P1
301,10,32,109,127,9,P1
301,10,33,59,103,0,P1
301,10,34,99,113,7,P1
301,10,35,105,108,10,P1
301,10,36,93,101,0,P1
301,10,37,255,118,42,P1
301,10,38,171,113,0,P1
301,10,39,53,119,0,P1
301,10,40,113,108,0,P1
301,10,41,121,114,0,P1
301,10,42,189,132,4,P1
301,10,43,157,102,0,P1
301,10,44,129,116,20,P1
301,10,45,35,102,0,P1
301,10,46,43,122,0,P1
301,10,47,117,109,0,P1
301,10,48,75,152,0,P1
301,10,49,129,110,4,P1
301,10,50,159,133,36,P1
301,10,51,89,120,41,P1
301,10,52,121,117,0,P1
301,10,53,158,119,21,P1
301,10,54,101,151,13,P1
301,10,55,115,118,25,P1
301,10,56,55,100,0,P1
301,10,57,113,113,0,P1
301,10,58,97,103,24,P1
301,10,59,81,112,0,P1
301,10,60,117,115,10,P1
301,10,61,65,142,0,P1
301,10,62,239,109,25,P1
301,10,63,99,122,0,P1
301,10,64,91,133,0,P1
301,10,65,109,117,0,P1
301,10,66,131,112,8,P1
301,10,67,61,112,0,P1
301,10,68,141,129,0,P1
301,10,69,105,119,0,P1
301,10,70,135,105,21,P1
301,10,71,45,117,0,P1
301,10,72,197,103,13,P1
301,10,73,105,106,11,P1
301,10,74,83,100,0,P1
301,10,75,103,113,60,P1
301,10,76,119,129,11,P1
301,10,77,57,114,0,P1
301,10,78,145,105,0,P1
301,10,79,145,109,2,P1
301,10,80,51,110,3,P1
301,10,81,75,129,0,P1
301,10,82,75,153,0,P1
301,10,83,121,130,0,P1
301,10,84,23,103,0,P1
301,10,85,87,107,26,P1
301,10,86,203,120,14,P1
301,10,87,137,102,4,P1
301,10,88,99,100,0,P1
301,10,89,207,160,0,P1
301,10,90,73,118,13,P1
301,10,91,103,147,18,P1
301,10,92,135,164,0,P1
301,10,93,331,120,28,P1
301,10,94,69,104,4,P1
301,10,95,115,108,19,P1
301,10,96,91,110,0,P1
301,10,97,155,127,0,P1
301,10,98,71,106,0,P1
301,10,99,129,132,0,P1
251,10,0,195,123,0,P1
251,10,1,45,100,0,P1
251,10,2,275,121,62,P1
251,10,3,267,102,72,P1
251,10,4,73,100,26,P1
251,10,5,145,102,36,P1
251,10,6,191,109,12,P1
251,10,7,73,106,0,P1
251,10,8,131,129,0,P1
251,10,9,79,116,0,P1
251,10,10,179,109,0,P1
251,10,11,173,113,40,P1
251,10,12,105,124,0,P1
251,10,13,159,103,54,P1
251,10,14,79,124,0,P1
251,10,15,79,106,0,P1
251,10,16,163,151,0,P1
251,10,17,91,104,0,P1
251,10,18,125,101,0,P1
251,10,19,113,110,0,P1
251,10,20,147,107,68,P1
251,10,21,65,110,14,P1
251,10,22,173,136,15,P1
251,10,23,161,106,39,P1
251,10,24,39,123,0,P1
251,10,25,169,122,3,P1
251,10,26,153,105,0,P1
251,10,27,111,105,0,P1
251,10,28,59,139,58,P1
251,10,29,161,122,3,P1
251,10,30,153,144,26,P1
251,10,31,67,128,0,P1
251,10,32,101,116,0,P1
251,10,33,203,131,0,P1
251,10,34,47,111,0,P1
251,10,35,165,109,0,P1
251,10,36,195,105,0,P1
251,10,37,135,127,0,P1
251,10,38,123,116,0,P1
251,10,39,101,127,0,P1
251,10,40,81,117,0,P1
251,10,41,115,114,16,P1
251,10,42,95,108,0,P1
251,10,43,77,113,0,P1
251,10,44,195,110,0,P1
251,10,45,33,101,0,P1
251,10,46,91,128,0,P1
251,10,47,71,116,0,P1
251,10,48,179,110,30,P1
251,10,49,133,117,0,P1
251,10,50,57,101,0,P1
251,10,51,127,100,25,P1
251,10,52,113,144,34,P1
251,10,53,71,138,0,P1
251,10,54,231,114,35,P1
251,10,55,53,116,0,P1
251,10,56,215,100,11,P1
251,10,57,67,102,0,P1
251,10,58,109,103,0,P1
251,10,59,197,145,50,P1
251,10,60,99,160,0,P1
251,10,61,73,103,0,P1
251,10,62,105,104,0,P1
251,10,63,79,102,0,P1
251,10,64,41,111,0,P1
251,10,65,49,100,0,P1
251,10,66,177,132,39,P1
251,10,67,111,127,0,P1
251,10,68,49,103,0,P1
251,10,69,155,116,0,P1
251,10,70,73,107,0,P1
251,10,71,147,104,0,P1
251,10,72,113,106,45,P1
251,10,73,31,103,0,P1
251,10,74,131,140,9,P1
251,10,75,121,131,0,P1
251,10,76,83,100,0,P1
251,10,77,143,125,0,P1
251,10,78,71,111,0,P1
251,10,79,139,111,0,P1
251,10,80,101,107,0,P1
251,10,81,117,115,7,P1
251,10,82,141,112,24,P1
251,10,83,113,126,0,P1
251,10,84,105,123,0,P1
251,10,85,157,130,0,P1
251,10,86,191,119,0,P1
251,10,87,99,136,36,P1
251,10,88,71,139,0,P1
251,10,89,199,114,35,P1
251,10,90,79,115,0,P1
251,10,91,71,100,37,P1
251,10,92,141,118,23,P1
251,10,93,89,106,0,P1
251,10,94,83,105,0,P1
251,10,95,131,117,0,P1
251,10,96,123,102,0,P1
251,10,97,205,110,0,P1
251,10,98,77,137,5,P1
251,10,99,145,127,0,P1
201,10,0,103,115,6,P1
201,10,1,135,102,7,P1
201,10,2,67,124,0,P1
201,10,3,141,127,36,P1
201,10,4,167,113,24,P1
201,10,5,171,117,39,P1
201,10,6,335,130,62,P1
201,10,7,197,145,37,P1
201,10,8,159,106,30,P1
201,10,9,111,108,0,P1
201,10,10,111,113,26,P1
201,10,11,55,107,0,P1
201,10,12,89,135,0,P1
201,10,13,131,124,0,P1
201,10,14,105,136,0,P1
201,10,15,169,106,0,P1
201,10,16,137,118,0,P1
201,10,17,109,101,0,P1
201,10,18,95,103,0,P1
201,10,19,113,106,4,P1
201,10,20,155,113,56,P1
201,10,21,237,146,45,P1
201,10,22,135,121,0,P1
201,10,23,123,105,0,P1
201,10,24,109,105,0,P1
201,10,25,173,121,11,P1
201,10,26,98,11,102,P2
201,10,27,77,135,0,P1
201,10,28,55,113,0,P1
201,10,29,207,145,16,P1
201,10,30,89,106,0,P1
201,10,31,227,115,12,P1
201,10,32,63,103,0,P1
201,10,33,193,114,0,P1
201,10,34,109,102,27,P1
201,10,35,101,109,0,P1
201,10,36,113,124,46,P1
201,10,37,117,101,27,P1
201,10,38,187,109,0,P1
201,10,39,73,134,0,P1
201,10,40,189,126,21,P1
201,10,41,139,146,14,P1
201,10,42,81,122,0,P1
201,10,43,91,130,14,P1
201,10,44,149,104,25,P1
201,10,45,81,102,0,P1
201,10,46,171,116,0,P1
201,10,47,109,118,28,P1
201,10,48,57,132,23,P1
201,10,49,97,101,12,P1
201,10,50,155,117,19,P1
201,10,51,179,120,0,P1
201,10,52,119,101,15,P1
201,10,53,123,103,0,P1
201,10,54,83,103,12,P1
201,10,55,79,106,0,P1
201,10,56,105,121,0,P1
201,10,57,151,122,49,P1
201,10,58,77,137,0,P1
201,10,59,109,106,0,P1
201,10,60,73,110,0,P1
201,10,61,117,111,44,P1
201,10,62,133,101,23,P1
201,10,63,111,107,0,P1
201,10,64,107,115,6,P1
201,10,65,141,117,8,P1
201,10,66,131,114,0,P1
201,10,67,225,109,43,P1
201,10,68,213,118,93,P1
201,10,69,101,133,30,P1
201,10,70,105,141,20,P1
201,10,71,55,117,0,P1
201,10,72,111,144,29,P1
201,10,73,87,109,0,P1
201,10,74,137,103,48,P1
201,10,75,181,119,0,P1
201,10,76,117,103,0,P1
201,10,77,33,109,0,P1
201,10,78,127,143,0,P1
201,10,79,169,100,24,P1
201,10,80,143,101,18,P1
201,10,81,107,102,0,P1
201,10,82,117,124,31,P1
201,10,83,155,127,0,P1
201,10,84,267,105,29,P1
201,10,85,97,104,0,P1
201,10,86,165,118,33,P1
201,10,87,89,117,27,P1
201,10,88,283,135,57,P1
201,10,89,99,113,0,P1
201,10,90,169,100,15,P1
201,10,91,69,105,0,P1
201,10,92,113,113,0,P1
201,10,93,159,120,0,P1
201,10,94,131,123,0,P1
201,10,95,79,126,0,P1
201,10,96,185,107,0,P1
201,10,97,173,140,0,P1
201,10,98,131,104,0,P1
201,10,99,141,116,11,P1
151,10,0,131,100,0,P1
151,10,1,119,100,0,P1
151,10,2,111,115,14,P1
151,10,3,243,145,0,P1
151,10,4,169,117,0,P1
151,10,5,193,106,31,P1
151,10,6,83,100,0,P1
151,10,7,251,111,0,P1
151,10,8,187,138,27,P1
151,10,9,89,115,0,P1
151,10,10,261,125,30,P1
151,10,11,87,106,11,P1
151,10,12,55,101,0,P1
151,10,13,81,107,9,P1
151,10,14,169,112,0,P1
151,10,15,69,102,0,P1
151,10,16,165,125,22,P1
151,10,17,183,123,12,P1
151,10,18,111,110,0,P1
151,10,19,67,126,0,P1
151,10,20,119,102,0,P1
151,10,21,59,103,0,P1
151,10,22,57,101,0,P1
151,10,23,111,151,0,P1
151,10,24,91,109,11,P1
151,10,25,95,121,18,P1
151,10,26,167,135,42,P1
151,10,27,201,105,40,P1
151,10,28,95,114,0,P1
151,10,29,185,107,23,P1
151,10,30,155,120,0,P1
151,10,31,67,101,0,P1
151,10,32,145,124,14,P1
151,10,33,155,105,0,P1
151,10,34,41,109,0,P1
151,10,35,173,107,37,P1
151,10,36,189,118,0,P1
151,10,37,129,104,18,P1
151,10,38,139,107,20,P1
151,10,39,363,112,61,P1
151,10,40,141,137,14,P1
151,10,41,79,121,0,P1
151,10,42,135,101,16,P1
151,10,43,183,113,46,P1
151,10,44,189,103,4,P1
151,10,45,65,103,0,P1
151,10,46,243,120,79,P1
151,10,47,171,107,12,P1
151,10,48,239,108,22,P1
151,10,49,195,106,0,P1
151,10,50,173,121,0,P1
151,10,51,321,110,41,P1
151,10,52,85,137,0,P1
151,10,53,57,106,0,P1
151,10,54,83,108,0,P1
151,10,55,147,110,26,P1
151,10,56,69,100,0,P1
151,10,57,275,130,40,P1
151,10,58,157,101,23,P1
151,10,59,207,113,5,P1
151,10,60,177,139,0,P1
151,10,61,219,109,73,P1
151,10,62,205,101,51,P1
151,10,63,97,111,0,P1
151,10,64,269,111,62,P1
151,10,65,109,117,0,P1
151,10,66,179,137,0,P1
151,10,67,163,125,24,P1
151,10,68,96,105,0,P1
151,10,69,269,110,0,P1
151,10,70,91,106,0,P1
151,10,71,61,124,22,P1
151,10,72,117,119,0,P1
151,10,73,153,101,8,P1
151,10,74,119,150,12,P1
151,10,75,209,125,23,P1
151,10,76,83,121,0,P1
151,10,77,111,130,10,P1
151,10,78,73,102,33,P1
151,10,79,163,115,20,P1
151,10,80,109,109,23,P1
151,10,81,189,123,32,P1
151,10,82,275,118,7,P1
151,10,83,183,128,0,P1
151,10,84,133,121,11,P1
151,10,85,137,124,0,P1
151,10,86,183,110,42,P1
151,10,87,185,116,11,P1
151,10,88,59,127,14,P1
151,10,89,69,101,0,P1
151,10,90,95,114,5,P1
151,10,91,165,122,0,P1
151,10,92,267,105,27,P1
151,10,93,77,114,0,P1
151,10,94,149,117,12,P1
151,10,95,181,142,1,P1
151,10,96,115,112,16,P1
151,10,97,113,100,0,P1
151,10,98,235,117,26,P1
151,10,99,117,123,0,P1
101,10,0,187,114,29,P1
101,10,1,273,105,50,P1
101,10,2,119,110,0,P1
101,10,3,273,106,0,P1
101,10,4,237,104,57,P1
101,10,5,161,128,68,P1
101,10,6,125,140,12,P1
101,10,7,73,105,0,P1
101,10,8,163,109,0,P1
101,10,9,141,114,0,P1
101,10,10,309,111,15,P1
101,10,11,321,125,97,P1
101,10,12,315,145,1,P1
101,10,13,249,117,22,P1
101,10,14,365,104,55,P1
101,10,15,301,128,74,P1
101,10,16,293,122,69,P1
101,10,17,178,119,24,P1
101,10,18,119,118,15,P1
101,10,19,407,106,47,P1
101,10,20,77,118,0,P1
101,10,21,191,121,24,P1
101,10,22,69,112,0,P1
101,10,23,149,116,10,P1
101,10,24,99,108,0,P1
101,10,25,171,119,25,P1
101,10,26,193,118,11,P1
101,10,27,115,145,0,P1
101,10,28,141,104,0,P1
101,10,29,181,104,31,P1
101,10,30,205,112,16,P1
101,10,31,171,156,3,P1
101,10,32,145,130,50,P1
101,10,33,167,129,12,P1
101,10,34,153,116,0,P1
101,10,35,179,111,76,P1
101,10,36,207,109,11,P1
101,10,37,149,106,29,P1
101,10,38,241,116,0,P1
101,10,39,149,114,0,P1
101,10,40,231,121,27,P1
101,10,41,127,122,3,P1
101,10,42,51,124,0,P1
101,10,43,75,101,0,P1
101,10,44,235,120,25,P1
101,10,45,333,100,78,P1
101,10,46,225,102,31,P1
101,10,47,259,105,48,P1
101,10,48,235,102,29,P1
101,10,49,285,124,29,P1
101,10,50,287,112,13,P1
101,10,51,123,125,40,P1
101,10,52,99,104,16,P1
101,10,53,275,124,99,P1
101,10,54,283,122,72,P1
101,10,55,187,142,14,P1
101,10,56,291,109,24,P1
101,10,57,209,125,15,P1
101,10,58,157,123,32,P1
101,10,59,51,104,23,P1
101,10,60,103,115,0,P1
101,10,61,51,109,0,P1
101,10,62,273,126,83,P1
101,10,63,269,112,77,P1
101,10,64,373,118,77,P1
101,10,65,141,105,0,P1
101,10,66,173,105,3,P1
101,10,67,201,146,49,P1
101,10,68,399,104,37,P1
101,10,69,133,103,25,P1
101,10,70,171,120,35,P1
101,10,71,259,120,21,P1
101,10,72,163,132,76,P1
101,10,73,207,100,7,P1
101,10,74,112,51,110,P2
101,10,75,219,120,60,P1
101,10,76,361,119,22,P1
101,10,77,63,109,0,P1
101,10,78,121,100,0,P1
101,10,79,169,117,0,P1
101,10,80,293,118,52,P1
101,10,81,263,104,5,P1
101,10,82,345,128,55,P1
101,10,83,85,147,0,P1
101,10,84,77,100,0,P1
101,10,85,585,131,93,P1
101,10,86,245,119,7,P1
101,10,87,255,107,50,P1
101,10,88,117,126,0,P1
101,10,89,261,116,13,P1
101,10,90,63,100,32,P1
101,10,91,256,118,0,P1
101,10,92,169,143,63,P1
101,10,93,411,120,0,P1
101,10,94,201,123,43,P1
101,10,95,135,127,0,P1
101,10,96,313,104,40,P1
101,10,97,375,100,23,P1
101,10,98,389,111,5,P1
101,10,99,307,139,60,P1
51,10,0,191,106,26,P1
51,10,1,157,126,25,P1
51,10,2,429,106,80,P1
51,10,3,181,110,26,P1
51,10,4,297,117,55,P1
51,10,5,283,113,12,P1
51,10,6,415,133,73,P1
51,10,7,656,48,111,P2
51,10,8,180,107,0,P1
51,10,9,296,53,102,P2
51,10,10,577,109,84,P1
51,10,11,339,116,50,P1
51,10,12,305,108,29,P1
51,10,13,179,103,36,P1
51,10,14,169,146,36,P1
51,10,15,455,113,0,P1
51,10,16,305,115,85,P1
51,10,17,349,126,91,P1
51,10,18,479,101,18,P1
51,10,19,237,103,0,P1
51,10,20,351,142,64,P1
51,10,21,467,130,95,P1
51,10,22,227,110,43,P1
51,10,23,421,108,44,P1
51,10,24,223,116,26,P1
51,10,25,363,103,46,P1
51,10,26,365,110,0,P1
51,10,27,57,100,0,P1
51,10,28,523,110,47,P1
51,10,29,183,105,21,P1
51,10,30,567,106,89,P1
51,10,31,338,95,134,P2
51,10,32,375,107,72,P1
51,10,33,455,115,93,P1
51,10,34,153,112,55,P1
51,10,35,173,121,16,P1
51,10,36,445,102,70,P1
51,10,37,177,111,28,P1
51,10,38,447,103,51,P1
51,10,39,145,110,0,P1
51,10,40,311,104,21,P1
51,10,41,55,105,0,P1
51,10,42,97,125,12,P1
51,10,43,219,108,59,P1
51,10,44,223,110,48,P1
51,10,45,418,88,110,P2
51,10,46,421,129,60,P1
51,10,47,580,74,120,P2
51,10,48,308,92,102,P2
51,10,49,543,117,75,P1
51,10,50,403,104,40,P1
51,10,51,411,100,84,P1
51,10,52,275,100,42,P1
51,10,53,391,112,0,P1
51,10,54,47,107,0,P1
51,10,55,441,108,97,P1
51,10,56,353,106,60,P1
51,10,57,120,26,116,P2
51,10,58,179,109,23,P1
51,10,59,529,137,62,P1
51,10,60,229,104,22,P1
51,10,61,537,110,65,P1
51,10,62,320,134,0,P1
51,10,63,425,109,64,P1
51,10,64,395,109,77,P1
51,10,65,249,107,47,P1
51,10,66,233,124,44,P1
51,10,67,363,117,77,P1
51,10,68,443,101,52,P1
51,10,69,239,103,28,P1
51,10,70,454,42,122,P2
51,10,71,247,102,6,P1
51,10,72,393,118,25,P1
51,10,73,169,128,0,P1
51,10,74,209,103,31,P1
51,10,75,449,128,78,P1
51,10,76,348,62,106,P2
51,10,77,121,110,53,P1
51,10,78,341,110,43,P1
51,10,79,234,0,112,P2
51,10,80,249,124,0,P1
51,10,81,309,100,22,P1
51,10,82,239,126,24,P1
51,10,83,409,112,41,P1
51,10,84,167,103,0,P1
51,10,85,530,49,107,P2
51,10,86,607,124,11,P1
51,10,87,202,30,134,P2
51,10,88,269,115,7,P1
51,10,89,141,110,40,P1
51,10,90,155,127,39,P1
51,10,91,392,84,123,P2
51,10,92,559,122,56,P1
51,10,93,743,123,62,P1
51,10,94,690,56,101,P2
51,10,95,481,38,105,P2
51,10,96,385,116,43,P1
51,10,97,311,112,55,P1
51,10,98,290,63,107,P2
51,10,99,387,50,101,P2
1,10,0,614,0,123,P2
1,10,1,516,0,102,P2
1,10,2,610,0,140,P2
1,10,3,512,0,131,P2
1,10,4,354,0,141,P2
1,10,5,114,0,121,P2
1,10,6,190,0,102,P2
1,10,7,256,0,112,P2
1,10,8,518,0,112,P2
1,10,9,254,0,117,P2
1,10,10,638,0,134,P2
1,10,11,348,0,119,P2
1,10,12,132,0,113,P2
1,10,13,210,0,134,P2
1,10,14,232,0,101,P2
1,10,15,64,0,105,P2
1,10,16,510,0,106,P2
1,10,17,384,0,108,P2
1,10,18,256,0,125,P2
1,10,19,212,0,108,P2
1,10,20,334,0,109,P2
1,10,21,478,0,136,P2
1,10,22,120,0,114,P2
1,10,23,310,0,106,P2
1,10,24,194,0,101,P2
1,10,25,500,0,138,P2
1,10,26,460,15,110,P2
1,10,27,148,0,106,P2
1,10,28,790,0,127,P2
1,10,29,158,0,116,P2
1,10,30,302,37,144,P2
1,10,31,584,0,122,P2
1,10,32,272,14,130,P2
1,10,33,160,0,105,P2
1,10,34,104,0,108,P2
1,10,35,352,0,114,P2
1,10,36,406,0,105,P2
1,10,37,452,0,134,P2
1,10,38,122,0,121,P2
1,10,39,518,0,109,P2
1,10,40,92,0,104,P2
1,10,41,304,0,125,P2
1,10,42,202,0,119,P2
1,10,43,232,0,114,P2
1,10,44,270,0,128,P2
1,10,45,264,0,107,P2
1,10,46,162,0,133,P2
1,10,47,696,26,138,P2
1,10,48,286,0,108,P2
1,10,49,484,0,138,P2
1,10,50,110,0,129,P2
1,10,51,510,0,164,P2
1,10,52,226,0,115,P2
1,10,53,686,0,114,P2
1,10,54,266,0,136,P2
1,10,55,268,0,116,P2
1,10,56,344,13,124,P2
1,10,57,612,24,132,P2
1,10,58,292,0,104,P2
1,10,59,386,0,146,P2
1,10,60,128,0,135,P2
1,10,61,286,14,143,P2
1,10,62,636,0,125,P2
1,10,63,408,0,136,P2
1,10,64,290,0,112,P2
1,10,65,564,28,104,P2
1,10,66,360,0,102,P2
1,10,67,528,0,140,P2
1,10,68,198,0,102,P2
1,10,69,302,27,100,P2
1,10,70,26,0,112,P2
1,10,71,372,20,149,P2
1,10,72,166,0,125,P2
1,10,73,338,0,137,P2
1,10,74,402,74,112,P2
1,10,75,1176,45,126,P2
1,10,76,168,0,114,P2
1,10,77,198,0,106,P2
1,10,78,472,0,100,P2
1,10,79,932,0,123,P2
1,10,80,68,0,140,P2
1,10,81,280,0,144,P2
1,10,82,378,0,107,P2
1,10,83,602,0,164,P2
1,10,84,364,0,128,P2
1,10,85,204,0,124,P2
1,10,86,470,0,163,P2
1,10,87,302,0,129,P2
1,10,88,442,37,151,P2
1,10,89,204,0,109,P2
1,10,90,240,0,128,P2
1,10,91,316,0,115,P2
1,10,92,524,0,156,P2
1,10,93,276,0,153,P2
1,10,94,398,0,132,P2
1,10,95,810,0,122,P2
1,10,96,590,0,144,P2
1,10,97,604,0,110,P2
1,10,98,502,0,135,P2
1,10,99,148,0,129,P2
501,9,0,101,120,29,P1
501,9,1,85,111,13,P1
501,9,2,85,115,0,P1
501,9,3,87,135,0,P1
501,9,4,109,125,0,P1
501,9,5,55,106,0,P1
501,9,6,171,131,0,P1
501,9,7,75,126,23,P1
501,9,8,111,114,8,P1
501,9,9,55,132,4,P1
501,9,10,145,120,26,P1
501,9,11,119,110,15,P1
501,9,12,61,113,0,P1
501,9,13,101,144,0,P1
501,9,14,95,114,0,P1
501,9,15,67,105,2,P1
501,9,16,75,117,0,P1
501,9,17,91,143,9,P1
501,9,18,83,101,29,P1
501,9,19,49,104,0,P1
501,9,20,91,104,38,P1
501,9,21,111,132,0,P1
501,9,22,105,109,27,P1
501,9,23,55,135,0,P1
501,9,24,161,128,27,P1
501,9,25,67,121,0,P1
501,9,26,59,121,0,P1
501,9,27,67,121,0,P1
501,9,28,79,115,0,P1
501,9,29,97,149,37,P1
501,9,30,143,110,56,P1
501,9,31,119,109,0,P1
501,9,32,53,106,0,P1
501,9,33,69,108,16,P1
501,9,34,109,119,0,P1
501,9,35,85,116,0,P1
501,9,36,145,114,0,P1
501,9,37,91,120,8,P1
501,9,38,75,121,0,P1
501,9,39,81,108,0,P1
501,9,40,153,104,46,P1
501,9,41,217,119,0,P1
501,9,42,79,135,23,P1
501,9,43,35,106,0,P1
501,9,44,43,102,0,P1
501,9,45,151,125,14,P1
501,9,46,101,122,0,P1
501,9,47,85,132,0,P1
501,9,48,23,115,0,P1
501,9,49,105,109,0,P1
501,9,50,49,124,0,P1
501,9,51,45,103,0,P1
501,9,52,119,109,0,P1
501,9,53,181,109,15,P1
501,9,54,73,102,22,P1
501,9,55,99,117,0,P1
501,9,56,73,128,0,P1
501,9,57,75,105,0,P1
501,9,58,203,112,51,P1
501,9,59,181,117,0,P1
501,9,60,111,118,0,P1
501,9,61,109,106,29,P1
501,9,62,51,110,0,P1
501,9,63,149,133,0,P1
501,9,64,87,106,12,P1
501,9,65,75,147,0,P1
501,9,66,59,122,0,P1
501,9,67,57,105,0,P1
501,9,68,95,107,0,P1
501,9,69,61,119,0,P1
501,9,70,83,111,13,P1
501,9,71,121,119,0,P1
501,9,72,211,109,56,P1
501,9,73,51,108,0,P1
501,9,74,93,113,0,P1
501,9,75,107,125,12,P1
501,9,76,89,129,0,P1
501,9,77,91,118,0,P1
501,9,78,59,114,0,P1
501,9,79,75,102,0,P1
501,9,80,113,139,4,P1
501,9,81,125,155,0,P1
501,9,82,125,110,17,P1
501,9,83,81,125,0,P1
501,9,84,87,102,21,P1
501,9,85,101,114,0,P1
501,9,86,59,103,0,P1
501,9,87,85,134,0,P1
501,9,88,41,117,0,P1
501,9,89,83,117,36,P1
501,9,90,67,128,0,P1
501,9,91,199,122,0,P1
501,9,92,93,129,0,P1
501,9,93,161,108,8,P1
501,9,94,167,100,4,P1
501,9,95,43,124,0,P1
501,9,96,81,113,20,P1
501,9,97,99,121,0,P1
501,9,98,127,111,11,P1
501,9,99,115,122,0,P1
451,9,0,197,108,87,P1
451,9,1,97,108,2,P1
451,9,2,87,104,18,P1
451,9,3,133,136,0,P1
451,9,4,105,125,0,P1
451,9,5,91,107,0,P1
451,9,6,69,117,20,P1
451,9,7,111,124,30,P1
451,9,8,71,115,10,P1
451,9,9,115,102,0,P1
451,9,10,135,130,0,P1
451,9,11,169,135,0,P1
451,9,12,83,117,0,P1
451,9,13,145,128,0,P1
451,9,14,123,124,16,P1
451,9,15,85,103,0,P1
451,9,16,63,110,0,P1
451,9,17,97,129,0,P1
451,9,18,65,115,0,P1
451,9,19,155,111,55,P1
451,9,20,87,119,0,P1
451,9,21,49,101,0,P1
451,9,22,191,120,0,P1
451,9,23,57,114,14,P1
451,9,24,153,110,45,P1
451,9,25,77,103,9,P1
451,9,26,159,138,28,P1
451,9,27,47,112,45,P1
451,9,28,81,131,0,P1
451,9,29,111,114,16,P1
451,9,30,93,130,17,P1
451,9,31,53,117,0,P1
451,9,32,107,113,0,P1
451,9,33,159,141,0,P1
451,9,34,161,144,0,P1
451,9,35,51,106,16,P1
451,9,36,91,130,0,P1
451,9,37,145,142,8,P1
451,9,38,87,142,0,P1
451,9,39,81,106,0,P1
451,9,40,179,127,45,P1
451,9,41,161,143,16,P1
451,9,42,111,106,3,P1
451,9,43,71,112,25,P1
451,9,44,81,108,0,P1
451,9,45,201,110,24,P1
451,9,46,71,123,0,P1
451,9,47,89,139,0,P1
451,9,48,139,119,0,P1
451,9,49,187,117,2,P1
451,9,50,127,125,0,P1
451,9,51,91,125,0,P1
451,9,52,99,130,0,P1
451,9,53,89,125,12,P1
451,9,54,63,105,0,P1
451,9,55,161,133,24,P1
451,9,56,137,102,0,P1
451,9,57,175,125,59,P1
451,9,58,105,122,0,P1
451,9,59,99,103,0,P1
451,9,60,71,126,4,P1
451,9,61,51,133,0,P1
451,9,62,97,119,0,P1
451,9,63,91,103,15,P1
451,9,64,63,121,0,P1
451,9,65,87,105,1,P1
451,9,66,59,105,0,P1
451,9,67,209,104,36,P1
451,9,68,91,118,0,P1
451,9,69,75,122,0,P1
451,9,70,65,102,0,P1
451,9,71,131,117,0,P1
451,9,72,79,108,0,P1
451,9,73,57,126,0,P1
451,9,74,123,126,0,P1
451,9,75,103,101,0,P1
451,9,76,79,129,0,P1
451,9,77,123,104,0,P1
451,9,78,57,101,14,P1
451,9,79,193,115,15,P1
451,9,80,193,126,5,P1
451,9,81,127,108,4,P1
451,9,82,65,116,0,P1
451,9,83,169,112,0,P1
451,9,84,109,108,8,P1
451,9,85,103,127,6,P1
451,9,86,85,117,13,P1
451,9,87,173,123,25,P1
451,9,88,41,101,0,P1
451,9,89,75,122,0,P1
451,9,90,159,143,12,P1
451,9,91,109,112,0,P1
451,9,92,125,105,0,P1
451,9,93,129,132,48,P1
451,9,94,93,138,0,P1
451,9,95,97,118,0,P1
451,9,96,205,119,55,P1
451,9,97,61,117,0,P1
451,9,98,69,109,11,P1
451,9,99,153,108,1,P1
401,9,0,143,108,18,P1
401,9,1,101,115,0,P1
401,9,2,109,126,0,P1
401,9,3,121,111,0,P1
401,9,4,25,104,0,P1
401,9,5,123,116,26,P1
401,9,6,156,113,3,P1
401,9,7,177,120,51,P1
401,9,8,89,105,0,P1
401,9,9,63,106,0,P1
401,9,10,63,118,0,P1
401,9,11,69,112,0,P1
401,9,12,57,135,0,P1
401,9,13,27,100,0,P1
401,9,14,69,116,21,P1
401,9,15,127,114,0,P1
401,9,16,93,105,5,P1
401,9,17,39,127,0,P1
401,9,18,179,107,10,P1
401,9,19,135,113,0,P1
401,9,20,67,110,0,P1
401,9,21,87,100,0,P1
401,9,22,45,112,0,P1
401,9,23,183,118,0,P1
401,9,24,127,108,18,P1
401,9,25,65,114,0,P1
401,9,26,71,102,7,P1
401,9,27,71,170,0,P1
401,9,28,105,114,0,P1
401,9,29,65,105,0,P1
401,9,30,77,131,29,P1
401,9,31,73,130,0,P1
401,9,32,103,108,15,P1
401,9,33,93,125,17,P1
401,9,34,145,114,0,P1
401,9,35,255,113,17,P1
401,9,36,129,113,20,P1
401,9,37,77,102,0,P1
401,9,38,107,110,0,P1
401,9,39,65,106,0,P1
401,9,40,95,133,4,P1
401,9,41,179,149,1,P1
401,9,42,77,111,0,P1
401,9,43,139,104,27,P1
401,9,44,157,117,0,P1
401,9,45,117,131,0,P1
401,9,46,21,118,0,P1
401,9,47,133,130,0,P1
401,9,48,61,100,42,P1
401,9,49,89,110,0,P1
401,9,50,141,122,1,P1
401,9,51,145,100,8,P1
401,9,52,89,107,0,P1
401,9,53,71,128,0,P1
401,9,54,90,140,0,P1
401,9,55,177,133,13,P1
401,9,56,169,145,31,P1
401,9,57,85,118,18,P1
401,9,58,145,134,23,P1
401,9,59,93,119,4,P1
401,9,60,97,110,0,P1
401,9,61,69,140,0,P1
401,9,62,125,101,31,P1
401,9,63,163,122,52,P1
401,9,64,113,112,0,P1
401,9,65,103,116,0,P1
401,9,66,115,115,0,P1
401,9,67,93,135,1,P1
401,9,68,93,151,0,P1
401,9,69,57,102,0,P1
401,9,70,159,147,10,P1
401,9,71,123,112,0,P1
401,9,72,81,106,13,P1
401,9,73,183,119,42,P1
401,9,74,75,111,0,P1
401,9,75,115,116,13,P1
401,9,76,133,102,0,P1
401,9,77,79,112,0,P1
401,9,78,59,116,0,P1
401,9,79,97,119,0,P1
401,9,80,117,130,0,P1
401,9,81,143,117,43,P1
401,9,82,93,146,0,P1
401,9,83,85,123,37,P1
401,9,84,83,138,0,P1
401,9,85,105,134,0,P1
401,9,86,95,103,15,P1
401,9,87,147,122,0,P1
401,9,88,185,112,11,P1
401,9,89,43,105,0,P1
401,9,90,101,130,24,P1
401,9,91,239,112,10,P1
401,9,92,65,122,0,P1
401,9,93,153,105,0,P1
401,9,94,59,126,0,P1
401,9,95,109,106,0,P1
401,9,96,73,127,0,P1
401,9,97,171,111,21,P1
401,9,98,107,107,0,P1
401,9,99,153,107,0,P1
351,9,0,113,102,0,P1
351,9,1,207,147,36,P1
351,9,2,171,141,15,P1
351,9,3,61,113,0,P1
351,9,4,69,140,0,P1
351,9,5,139,122,19,P1
351,9,6,79,115,0,P1
351,9,7,87,113,0,P1
351,9,8,103,108,0,P1
351,9,9,153,103,0,P1
351,9,10,101,110,0,P1
351,9,11,169,114,0,P1
351,9,12,117,105,0,P1
351,9,13,115,105,0,P1
351,9,14,107,165,12,P1
351,9,15,103,109,62,P1
351,9,16,75,107,0,P1
351,9,17,135,109,36,P1
351,9,18,91,107,0,P1
351,9,19,107,107,0,P1
351,9,20,79,115,0,P1
351,9,21,109,130,0,P1
351,9,22,115,100,25,P1
351,9,23,193,115,22,P1
351,9,24,89,113,0,P1
351,9,25,145,133,0,P1
351,9,26,235,116,0,P1
351,9,27,99,119,26,P1
351,9,28,33,108,0,P1
351,9,29,61,114,0,P1
351,9,30,81,106,9,P1
351,9,31,115,104,0,P1
351,9,32,95,107,0,P1
351,9,33,177,107,49,P1
351,9,34,157,132,19,P1
351,9,35,63,112,0,P1
351,9,36,103,116,0,P1
351,9,37,85,105,0,P1
351,9,38,73,113,0,P1
351,9,39,171,113,21,P1
351,9,40,145,102,52,P1
351,9,41,307,116,92,P1
351,9,42,85,122,0,P1
351,9,43,133,128,32,P1
351,9,44,53,109,0,P1
351,9,45,147,127,15,P1
351,9,46,69,109,12,P1
351,9,47,77,107,0,P1
351,9,48,161,112,9,P1
351,9,49,107,122,0,P1
351,9,50,153,116,0,P1
351,9,51,91,141,0,P1
351,9,52,61,103,8,P1
351,9,53,119,119,27,P1
351,9,54,65,101,0,P1
351,9,55,131,106,15,P1
351,9,56,153,119,2,P1
351,9,57,139,121,0,P1
351,9,58,45,103,0,P1
351,9,59,151,106,0,P1
351,9,60,181,112,24,P1
351,9,61,131,103,3,P1
351,9,62,63,100,0,P1
351,9,63,105,108,0,P1
351,9,64,73,141,0,P1
351,9,65,53,106,0,P1
351,9,66,89,102,37,P1
351,9,67,61,107,0,P1
351,9,68,143,107,0,P1
351,9,69,227,117,60,P1
351,9,70,139,116,0,P1
351,9,71,53,100,0,P1
351,9,72,129,142,24,P1
351,9,73,127,138,7,P1
351,9,74,97,114,0,P1
351,9,75,113,132,46,P1
351,9,76,107,101,16,P1
351,9,77,315,122,42,P1
351,9,78,89,106,0,P1
351,9,79,89,121,5,P1
351,9,80,79,118,0,P1
351,9,81,89,131,0,P1
351,9,82,107,121,0,P1
351,9,83,103,132,22,P1
351,9,84,93,130,0,P1
351,9,85,129,108,6,P1
351,9,86,125,103,0,P1
351,9,87,135,132,6,P1
351,9,88,61,102,0,P1
351,9,89,113,105,22,P1
351,9,90,53,122,0,P1
351,9,91,119,133,13,P1
351,9,92,123,134,20,P1
351,9,93,119,106,6,P1
351,9,94,47,101,0,P1
351,9,95,85,111,30,P1
351,9,96,257,118,36,P1
351,9,97,173,119,22,P1
351,9,98,104,121,15,P1
351,9,99,177,103,11,P1
301,9,0,109,130,41,P1
301,9,1,41,108,0,P1
301,9,2,139,132,17,P1
301,9,3,131,119,0,P1
301,9,4,135,138,0,P1
301,9,5,85,120,19,P1
301,9,6,85,108,37,P1
301,9,7,103,101,0,P1
301,9,8,51,113,0,P1
301,9,9,91,109,0,P1
301,9,10,145,106,31,P1
301,9,11,221,103,30,P1
301,9,12,89,123,0,P1
301,9,13,161,107,48,P1
301,9,14,123,137,0,P1
301,9,15,97,113,0,P1
301,9,16,99,119,0,P1
301,9,17,61,121,0,P1
301,9,18,65,128,0,P1
301,9,19,39,118,0,P1
301,9,20,139,142,0,P1
301,9,21,73,101,19,P1
301,9,22,19,104,0,P1
301,9,23,51,145,5,P1
301,9,24,117,106,0,P1
301,9,25,113,120,44,P1
301,9,26,31,112,0,P1
301,9,27,133,108,0,P1
301,9,28,169,141,16,P1
301,9,29,139,117,21,P1
301,9,30,91,119,0,P1
301,9,31,97,106,0,P1
301,9,32,83,141,2,P1
301,9,33,135,120,19,P1
301,9,34,115,118,0,P1
301,9,35,71,115,0,P1
301,9,36,133,114,0,P1
301,9,37,203,118,21,P1
301,9,38,137,106,6,P1
301,9,39,89,107,45,P1
301,9,40,121,122,20,P1
301,9,41,111,105,0,P1
301,9,42,231,105,33,P1
301,9,43,131,106,13,P1
301,9,44,83,108,0,P1
301,9,45,93,112,11,P1
301,9,46,63,113,0,P1
301,9,47,65,100,0,P1
301,9,48,133,117,0,P1
301,9,49,113,109,0,P1
301,9,50,69,124,0,P1
301,9,51,85,130,0,P1
301,9,52,115,117,0,P1
301,9,53,165,100,3,P1
301,9,54,107,124,0,P1
301,9,55,51,108,0,P1
301,9,56,101,114,10,P1
301,9,57,107,103,0,P1
301,9,58,159,105,20,P1
301,9,59,163,120,0,P1
301,9,60,109,134,53,P1
301,9,61,87,109,0,P1
301,9,62,61,116,0,P1
301,9,63,109,131,0,P1
301,9,64,43,104,0,P1
301,9,65,125,120,41,P1
301,9,66,169,124,34,P1
301,9,67,135,104,33,P1
301,9,68,103,116,9,P1
301,9,69,125,148,0,P1
301,9,70,105,125,21,P1
301,9,71,131,117,0,P1
301,9,72,129,109,0,P1
301,9,73,129,103,0,P1
301,9,74,115,131,32,P1
301,9,75,91,138,54,P1
301,9,76,127,111,0,P1
301,9,77,97,130,0,P1
301,9,78,117,111,5,P1
301,9,79,117,117,0,P1
301,9,80,57,132,7,P1
301,9,81,49,112,0,P1
301,9,82,87,119,0,P1
301,9,83,145,129,17,P1
301,9,84,59,136,0,P1
301,9,85,87,126,0,P1
301,9,86,103,126,0,P1
301,9,87,163,102,22,P1
301,9,88,177,106,0,P1
301,9,89,173,132,0,P1
301,9,90,85,102,0,P1
301,9,91,67,112,0,P1
301,9,92,89,113,0,P1
301,9,93,185,107,35,P1
301,9,94,61,112,0,P1
301,9,95,65,103,0,P1
301,9,96,89,130,2,P1
301,9,97,143,110,0,P1
301,9,98,117,124,9,P1
301,9,99,113,132,0,P1
251,9,0,59,107,0,P1
251,9,1,221,112,0,P1
251,9,2,147,121,0,P1
251,9,3,85,106,0,P1
251,9,4,87,117,0,P1
251,9,5,131,122,12,P1
251,9,6,39,135,0,P1
251,9,7,275,117,32,P1
251,9,8,123,124,4,P1
251,9,9,69,127,23,P1
251,9,10,143,110,18,P1
251,9,11,197,101,54,P1
251,9,12,173,114,0,P1
251,9,13,163,106,0,P1
251,9,14,145,102,99,P1
251,9,15,95,143,0,P1
251,9,16,115,119,0,P1
251,9,17,113,131,0,P1
251,9,18,73,144,10,P1
251,9,19,43,114,0,P1
251,9,20,191,131,10,P1
251,9,21,75,128,0,P1
251,9,22,189,133,0,P1
251,9,23,119,124,11,P1
251,9,24,209,130,22,P1
251,9,25,131,110,0,P1
251,9,26,169,124,0,P1
251,9,27,87,107,0,P1
251,9,28,179,115,17,P1
251,9,29,105,103,0,P1
251,9,30,109,127,0,P1
251,9,31,105,123,15,P1
251,9,32,101,127,0,P1
251,9,33,81,107,23,P1
251,9,34,165,128,62,P1
251,9,35,109,144,0,P1
251,9,36,109,128,0,P1
251,9,37,103,120,25,P1
251,9,38,105,125,0,P1
251,9,39,179,147,20,P1
251,9,40,79,102,12,P1
251,9,41,119,140,0,P1
251,9,42,159,134,0,P1
251,9,43,145,110,0,P1
251,9,44,55,112,0,P1
251,9,45,155,101,0,P1
251,9,46,57,100,0,P1
251,9,47,209,149,0,P1
251,9,48,165,143,0,P1
251,9,49,117,108,0,P1
251,9,50,83,151,0,P1
251,9,51,145,100,0,P1
251,9,52,103,109,17,P1
251,9,53,187,141,1,P1
251,9,54,205,121,0,P1
251,9,55,73,109,0,P1
251,9,56,89,107,0,P1
251,9,57,95,107,0,P1
251,9,58,147,131,0,P1
251,9,59,81,120,0,P1
251,9,60,121,105,18,P1
251,9,61,185,128,62,P1
251,9,62,35,104,0,P1
251,9,63,97,112,0,P1
251,9,64,147,107,0,P1
251,9,65,97,118,8,P1
251,9,66,169,116,60,P1
251,9,67,83,132,0,P1
251,9,68,73,112,0,P1
251,9,69,95,106,0,P1
251,9,70,209,112,36,P1
251,9,71,101,105,0,P1
251,9,72,143,144,0,P1
251,9,73,119,120,0,P1
251,9,74,141,103,22,P1
251,9,75,165,142,15,P1
251,9,76,141,133,0,P1
251,9,77,107,113,19,P1
251,9,78,145,115,16,P1
251,9,79,81,135,0,P1
251,9,80,175,108,23,P1
251,9,81,109,110,0,P1
251,9,82,93,132,0,P1
251,9,83,79,121,0,P1
251,9,84,77,121,0,P1
251,9,85,127,101,28,P1
251,9,86,117,117,9,P1
251,9,87,95,124,4,P1
251,9,88,77,115,0,P1
251,9,89,93,109,29,P1
251,9,90,155,102,12,P1
251,9,91,145,113,0,P1
251,9,92,147,130,25,P1
251,9,93,105,117,38,P1
251,9,94,293,117,57,P1
251,9,95,111,117,3,P1
251,9,96,137,107,0,P1
251,9,97,131,113,0,P1
251,9,98,63,113,0,P1
251,9,99,113,119,0,P1
201,9,0,101,125,0,P1
201,9,1,253,120,40,P1
201,9,2,187,104,63,P1
201,9,3,83,107,0,P1
201,9,4,93,100,0,P1
201,9,5,151,117,0,P1
201,9,6,167,115,17,P1
201,9,7,147,101,8,P1
201,9,8,131,111,7,P1
201,9,9,53,124,0,P1
201,9,10,115,141,30,P1
201,9,11,95,112,13,P1
201,9,12,213,107,0,P1
201,9,13,163,123,11,P1
201,9,14,121,112,0,P1
201,9,15,175,119,22,P1
201,9,16,73,118,0,P1
201,9,17,83,126,0,P1
201,9,18,167,127,47,P1
201,9,19,107,108,0,P1
201,9,20,53,121,0,P1
201,9,21,77,134,0,P1
201,9,22,103,133,0,P1
201,9,23,157,105,20,P1
201,9,24,175,111,24,P1
201,9,25,213,108,18,P1
201,9,26,107,142,0,P1
201,9,27,133,115,0,P1
201,9,28,147,110,0,P1
201,9,29,153,127,59,P1
201,9,30,103,152,0,P1
201,9,31,71,120,0,P1
201,9,32,219,100,13,P1
201,9,33,143,109,0,P1
201,9,34,99,136,0,P1
201,9,35,99,122,28,P1
201,9,36,103,127,0,P1
201,9,37,153,120,0,P1
201,9,38,131,106,8,P1
201,9,39,131,102,0,P1
201,9,40,123,144,0,P1
201,9,41,259,109,29,P1
201,9,42,69,100,0,P1
201,9,43,133,124,0,P1
201,9,44,81,109,0,P1
201,9,45,111,102,8,P1
201,9,46,99,100,0,P1
201,9,47,49,100,0,P1
201,9,48,135,124,0,P1
201,9,49,135,134,11,P1
201,9,50,135,137,0,P1
201,9,51,91,103,0,P1
201,9,52,137,103,0,P1
201,9,53,69,103,0,P1
201,9,54,245,100,48,P1
201,9,55,134,112,0,P1
201,9,56,83,102,0,P1
201,9,57,115,117,0,P1
201,9,58,173,104,0,P1
201,9,59,77,125,0,P1
201,9,60,115,129,0,P1
201,9,61,203,110,22,P1
201,9,62,103,105,0,P1
201,9,63,81,113,51,P1
201,9,64,131,102,28,P1
201,9,65,137,123,0,P1
201,9,66,147,103,0,P1
201,9,67,69,143,0,P1
201,9,68,189,132,9,P1
201,9,69,157,149,44,P1
201,9,70,139,137,78,P1
201,9,71,217,105,68,P1
201,9,72,193,113,8,P1
201,9,73,73,105,0,P1
201,9,74,163,109,0,P1
201,9,75,71,112,0,P1
201,9,76,61,129,0,P1
201,9,77,125,115,0,P1
201,9,78,179,112,13,P1
201,9,79,161,109,7,P1
201,9,80,65,140,0,P1
201,9,81,171,117,43,P1
201,9,82,269,112,36,P1
201,9,83,111,114,0,P1
201,9,84,47,116,0,P1
201,9,85,99,115,0,P1
201,9,86,169,138,21,P1
201,9,87,173,141,20,P1
201,9,88,207,112,39,P1
201,9,89,101,101,0,P1
201,9,90,139,123,0,P1
201,9,91,175,102,0,P1
201,9,92,177,143,0,P1
201,9,93,131,123,12,P1
201,9,94,85,100,0,P1
201,9,95,139,122,16,P1
201,9,96,197,111,22,P1
201,9,97,101,132,0,P1
201,9,98,145,119,0,P1
201,9,99,85,133,27,P1
151,9,0,77,105,0,P1
151,9,1,241,108,5,P1
151,9,2,203,113,0,P1
151,9,3,91,112,19,P1
151,9,4,119,140,13,P1
151,9,5,185,113,35,P1
151,9,6,127,130,12,P1
151,9,7,67,124,0,P1
151,9,8,165,104,18,P1
151,9,9,129,117,0,P1
151,9,10,123,100,0,P1
151,9,11,177,111,25,P1
151,9,12,167,114,0,P1
151,9,13,99,102,19,P1
151,9,14,141,113,31,P1
151,9,15,87,131,0,P1
151,9,16,69,106,0,P1
151,9,17,159,118,21,P1
151,9,18,159,104,58,P1
151,9,19,43,112,0,P1
151,9,20,293,103,0,P1
151,9,21,91,106,35,P1
151,9,22,141,114,22,P1
151,9,23,173,113,0,P1
151,9,24,161,104,0,P1
151,9,25,135,113,56,P1
151,9,26,307,107,52,P1
151,9,27,81,143,0,P1
151,9,28,85,105,0,P1
151,9,29,129,101,0,P1
151,9,30,97,103,0,P1
151,9,31,183,121,0,P1
151,9,32,121,124,18,P1
151,9,33,151,102,29,P1
151,9,34,225,105,51,P1
151,9,35,81,112,0,P1
151,9,36,185,127,2,P1
151,9,37,245,116,42,P1
151,9,38,159,124,7,P1
151,9,39,101,102,4,P1
151,9,40,157,105,17,P1
151,9,41,157,122,0,P1
151,9,42,285,117,17,P1
151,9,43,203,136,42,P1
151,9,44,91,124,0,P1
151,9,45,93,102,0,P1
151,9,46,101,132,0,P1
151,9,47,221,120,37,P1
151,9,48,207,125,73,P1
151,9,49,217,121,14,P1
151,9,50,101,152,22,P1
151,9,51,117,125,38,P1
151,9,52,271,129,15,P1
151,9,53,177,104,0,P1
151,9,54,153,124,0,P1
151,9,55,149,142,10,P1
151,9,56,93,101,0,P1
151,9,57,137,130,43,P1
151,9,58,71,101,0,P1
151,9,59,271,105,50,P1
151,9,60,141,116,27,P1
151,9,61,131,104,0,P1
151,9,62,89,115,0,P1
151,9,63,113,101,40,P1
151,9,64,127,134,0,P1
151,9,65,55,100,0,P1
151,9,66,193,100,16,P1
151,9,67,209,106,0,P1
151,9,68,141,113,3,P1
151,9,69,211,122,0,P1
151,9,70,187,114,32,P1
151,9,71,119,113,0,P1
151,9,72,151,111,0,P1
151,9,73,275,114,42,P1
151,9,74,83,102,0,P1
151,9,75,333,103,0,P1
151,9,76,103,116,0,P1
151,9,77,226,85,118,P2
151,9,78,173,143,19,P1
151,9,79,95,156,0,P1
151,9,80,99,135,10,P1
151,9,81,183,121,8,P1
151,9,82,63,137,0,P1
151,9,83,193,114,15,P1
151,9,84,159,100,24,P1
151,9,85,179,122,15,P1
151,9,86,101,124,18,P1
151,9,87,101,118,0,P1
151,9,88,55,119,4,P1
151,9,89,167,110,40,P1
151,9,90,125,109,0,P1
151,9,91,53,103,0,P1
151,9,92,143,100,24,P1
151,9,93,217,107,21,P1
151,9,94,125,106,14,P1
151,9,95,203,125,1,P1
151,9,96,93,121,0,P1
151,9,97,171,133,0,P1
151,9,98,121,101,0,P1
151,9,99,57,100,0,P1
101,9,0,185,105,0,P1
101,9,1,221,128,23,P1
101,9,2,143,100,29,P1
101,9,3,141,125,30,P1
101,9,4,117,116,20,P1
101,9,5,291,116,21,P1
101,9,6,367,129,31,P1
101,9,7,241,111,32,P1
101,9,8,63,128,0,P1
101,9,9,235,116,31,P1
101,9,10,39,103,0,P1
101,9,11,211,112,27,P1
101,9,12,143,100,21,P1
101,9,13,369,133,13,P1
101,9,14,257,127,16,P1
101,9,15,183,101,15,P1
101,9,16,105,111,23,P1
101,9,17,131,125,31,P1
101,9,18,327,111,0,P1
101,9,19,187,103,0,P1
101,9,20,327,103,71,P1
101,9,21,95,103,4,P1
101,9,22,246,110,89,P1
101,9,23,143,160,11,P1
101,9,24,105,106,13,P1
101,9,25,109,121,34,P1
101,9,26,379,113,0,P1
101,9,27,163,106,0,P1
101,9,28,231,122,22,P1
101,9,29,295,115,57,P1
101,9,30,393,109,50,P1
101,9,31,127,100,0,P1
101,9,32,165,129,0,P1
101,9,33,251,106,22,P1
101,9,34,187,145,10,P1
101,9,35,109,114,0,P1
101,9,36,165,118,0,P1
101,9,37,95,105,0,P1
101,9,38,323,123,72,P1
101,9,39,225,117,69,P1
101,9,40,263,120,25,P1
101,9,41,313,115,27,P1
101,9,42,89,105,0,P1
101,9,43,203,111,0,P1
101,9,44,443,121,53,P1
101,9,45,171,109,68,P1
101,9,46,469,114,27,P1
101,9,47,47,103,0,P1
101,9,48,383,105,54,P1
101,9,49,209,116,9,P1
101,9,50,145,107,0,P1
101,9,51,71,114,0,P1
101,9,52,125,102,14,P1
101,9,53,509,102,48,P1
101,9,54,217,116,35,P1
101,9,55,203,119,22,P1
101,9,56,199,100,38,P1
101,9,57,119,116,0,P1
101,9,58,319,107,21,P1
101,9,59,117,146,31,P1
101,9,60,247,105,10,P1
101,9,61,129,101,15,P1
101,9,62,343,100,17,P1
101,9,63,189,103,34,P1
101,9,64,239,109,0,P1
101,9,65,127,130,26,P1
101,9,66,192,35,100,P2
101,9,67,191,104,41,P1
101,9,68,317,123,18,P1
101,9,69,377,121,32,P1
101,9,70,255,104,24,P1
101,9,71,181,100,3,P1
101,9,72,101,102,20,P1
101,9,73,141,103,0,P1
101,9,74,147,128,22,P1
101,9,75,371,101,27,P1
101,9,76,393,123,44,P1
101,9,77,219,108,29,P1
101,9,78,257,118,64,P1
101,9,79,307,103,60,P1
101,9,80,345,107,28,P1
101,9,81,291,125,66,P1
101,9,82,113,132,46,P1
101,9,83,291,102,12,P1
101,9,84,191,134,43,P1
101,9,85,169,130,19,P1
101,9,86,161,144,23,P1
101,9,87,138,91,106,P2
101,9,88,183,116,0,P1
101,9,89,409,138,52,P1
101,9,90,233,110,0,P1
101,9,91,113,125,0,P1
101,9,92,75,101,0,P1
101,9,93,99,107,0,P1
101,9,94,108,29,120,P2
101,9,95,197,102,42,P1
101,9,96,247,111,0,P1
101,9,97,266,80,121,P2
101,9,98,162,0,110,P2
101,9,99,207,103,91,P1
51,9,0,862,68,103,P2
51,9,1,856,72,116,P2
51,9,2,629,131,79,P1
51,9,3,206,0,123,P2
51,9,4,942,72,127,P2
51,9,5,796,54,107,P2
51,9,6,322,0,136,P2
51,9,7,496,69,111,P2
51,9,8,555,127,43,P1
51,9,9,508,58,105,P2
51,9,10,628,78,124,P2
51,9,11,315,110,99,P1
51,9,12,308,17,107,P2
51,9,13,418,62,143,P2
51,9,14,604,0,119,P2
51,9,15,620,76,111,P2
51,9,16,690,68,119,P2
51,9,17,576,66,129,P2
51,9,18,570,0,121,P2
51,9,19,632,88,120,P2
51,9,20,558,51,100,P2
51,9,21,507,124,30,P1
51,9,22,623,101,69,P1
51,9,23,366,40,104,P2
51,9,24,496,32,126,P2
51,9,25,566,55,118,P2
51,9,26,637,105,56,P1
51,9,27,597,114,42,P1
51,9,28,534,45,110,P2
51,9,29,468,31,119,P2
51,9,30,276,27,114,P2
51,9,31,396,82,143,P2
51,9,32,458,0,147,P2
51,9,33,510,21,106,P2
51,9,34,563,104,76,P1
51,9,35,315,117,68,P1
51,9,36,532,16,114,P2
51,9,37,480,82,101,P2
51,9,38,48,0,100,P2
51,9,39,690,82,128,P2
51,9,40,168,0,122,P2
51,9,41,170,0,156,P2
51,9,42,778,37,109,P2
51,9,43,518,62,109,P2
51,9,44,793,106,46,P1
51,9,45,300,0,119,P2
51,9,46,174,13,113,P2
51,9,47,346,24,139,P2
51,9,48,234,44,129,P2
51,9,49,404,9,134,P2
51,9,50,412,12,112,P2
51,9,51,84,14,103,P2
51,9,52,520,46,120,P2
51,9,53,265,104,43,P1
51,9,54,330,0,127,P2
51,9,55,472,48,124,P2
51,9,56,215,116,0,P1
51,9,57,990,91,120,P2
51,9,58,334,31,110,P2
51,9,59,182,0,104,P2
51,9,60,488,57,106,P2
51,9,61,350,11,110,P2
51,9,62,488,36,125,P2
51,9,63,222,35,101,P2
51,9,64,767,114,88,P1
51,9,65,520,73,103,P2
51,9,66,316,45,117,P2
51,9,67,618,30,120,P2
51,9,68,477,102,72,P1
51,9,69,810,83,117,P2
51,9,70,492,0,137,P2
51,9,71,206,59,132,P2
51,9,72,592,65,142,P2
51,9,73,352,108,40,P1
51,9,74,626,89,123,P2
51,9,75,778,38,102,P2
51,9,76,720,87,116,P2
51,9,77,403,109,42,P1
51,9,78,340,21,102,P2
51,9,79,473,106,23,P1
51,9,80,300,58,120,P2
51,9,81,432,85,109,P2
51,9,82,171,111,50,P1
51,9,83,168,45,103,P2
51,9,84,305,108,4,P1
51,9,85,846,20,100,P2
51,9,86,298,0,108,P2
51,9,87,442,13,126,P2
51,9,88,640,89,115,P2
51,9,89,884,46,146,P2
51,9,90,326,34,104,P2
51,9,91,468,89,112,P2
51,9,92,362,34,117,P2
51,9,93,650,51,102,P2
51,9,94,514,41,103,P2
51,9,95,544,26,112,P2
51,9,96,435,121,36,P1
51,9,97,526,15,110,P2
51,9,98,694,42,120,P2
51,9,99,587,105,48,P1
1,9,0,824,0,119,P2
1,9,1,488,0,114,P2
1,9,2,714,0,124,P2
1,9,3,314,0,132,P2
1,9,4,282,43,127,P2
1,9,5,480,34,107,P2
1,9,6,240,0,101,P2
1,9,7,110,0,103,P2
1,9,8,372,0,122,P2
1,9,9,350,0,144,P2
1,9,10,384,0,142,P2
1,9,11,216,0,130,P2
1,9,12,442,11,108,P2
1,9,13,352,0,104,P2
1,9,14,332,0,146,P2
1,9,15,592,18,131,P2
1,9,16,204,0,114,P2
1,9,17,332,0,105,P2
1,9,18,224,0,125,P2
1,9,19,540,0,112,P2
1,9,20,260,0,152,P2
1,9,21,440,0,127,P2
1,9,22,220,0,108,P2
1,9,23,216,16,100,P2
1,9,24,216,0,136,P2
1,9,25,200,0,142,P2
1,9,26,200,0,104,P2
1,9,27,310,0,157,P2
1,9,28,464,0,118,P2
1,9,29,166,0,119,P2
1,9,30,340,0,100,P2
1,9,31,198,0,118,P2
1,9,32,596,8,111,P2
1,9,33,360,29,116,P2
1,9,34,610,0,104,P2
1,9,35,454,0,133,P2
1,9,36,156,0,119,P2
1,9,37,396,0,114,P2
1,9,38,534,34,128,P2
1,9,39,890,16,151,P2
1,9,40,472,24,121,P2
1,9,41,36,0,105,P2
1,9,42,698,25,156,P2
1,9,43,258,0,107,P2
1,9,44,296,16,102,P2
1,9,45,194,0,106,P2
1,9,46,142,0,105,P2
1,9,47,292,0,102,P2
1,9,48,552,15,121,P2
1,9,49,300,0,126,P2
1,9,50,212,0,167,P2
1,9,51,132,0,134,P2
1,9,52,152,0,117,P2
1,9,53,328,0,106,P2
1,9,54,442,0,147,P2
1,9,55,160,0,130,P2
1,9,56,110,0,109,P2
1,9,57,336,0,136,P2
1,9,58,248,0,114,P2
1,9,59,706,44,127,P2
1,9,60,100,0,124,P2
1,9,61,376,0,151,P2
1,9,62,256,0,105,P2
1,9,63,232,0,110,P2
1,9,64,356,0,129,P2
1,9,65,190,0,136,P2
1,9,66,396,0,112,P2
1,9,67,400,28,126,P2
1,9,68,116,0,104,P2
1,9,69,898,12,116,P2
1,9,70,298,0,147,P2
1,9,71,234,0,115,P2
1,9,72,240,0,101,P2
1,9,73,524,0,124,P2
1,9,74,918,0,131,P2
1,9,75,912,0,110,P2
1,9,76,326,0,114,P2
1,9,77,224,0,142,P2
1,9,78,246,0,106,P2
1,9,79,478,0,104,P2
1,9,80,594,21,117,P2
1,9,81,172,0,117,P2
1,9,82,704,31,106,P2
1,9,83,624,99,114,P2
1,9,84,364,0,135,P2
1,9,85,574,18,150,P2
1,9,86,526,12,159,P2
1,9,87,854,56,111,P2
1,9,88,716,0,116,P2
1,9,89,590,0,113,P2
1,9,90,188,0,120,P2
1,9,91,306,0,109,P2
1,9,92,588,0,142,P2
1,9,93,96,0,139,P2
1,9,94,456,0,147,P2
1,9,95,358,0,135,P2
1,9,96,282,12,100,P2
1,9,97,252,0,142,P2
1,9,98,54,0,100,P2
1,9,99,142,0,121,P2
501,8,0,93,123,0,P1
501,8,1,51,143,0,P1
501,8,2,225,101,16,P1
501,8,3,73,112,0,P1
501,8,4,69,115,0,P1
501,8,5,107,113,0,P1
501,8,6,87,102,0,P1
501,8,7,103,112,0,P1
501,8,8,143,117,4,P1
501,8,9,143,110,0,P1
501,8,10,143,116,14,P1
501,8,11,117,100,0,P1
501,8,12,125,104,68,P1
501,8,13,105,106,0,P1
501,8,14,151,128,0,P1
501,8,15,109,122,0,P1
501,8,16,205,104,20,P1
501,8,17,117,132,20,P1
501,8,18,57,109,0,P1
501,8,19,97,106,10,P1
501,8,20,37,104,0,P1
501,8,21,151,121,11,P1
501,8,22,113,118,27,P1
501,8,23,151,112,24,P1
501,8,24,65,119,0,P1
501,8,25,111,116,0,P1
501,8,26,93,126,0,P1
501,8,27,65,103,0,P1
501,8,28,89,121,38,P1
501,8,29,149,107,0,P1
501,8,30,105,113,0,P1
501,8,31,57,109,0,P1
501,8,32,67,115,0,P1
501,8,33,21,106,36,P1
501,8,34,123,102,14,P1
501,8,35,159,142,73,P1
501,8,36,121,104,25,P1
501,8,37,63,142,0,P1
501,8,38,157,119,41,P1
501,8,39,131,112,48,P1
501,8,40,107,103,0,P1
501,8,41,117,113,55,P1
501,8,42,117,106,0,P1
501,8,43,139,132,8,P1
501,8,44,117,111,0,P1
501,8,45,65,104,0,P1
501,8,46,53,105,9,P1
501,8,47,79,125,4,P1
501,8,48,105,114,0,P1
501,8,49,97,111,0,P1
501,8,50,71,104,0,P1
501,8,51,45,141,0,P1
501,8,52,65,106,0,P1
501,8,53,93,101,10,P1
501,8,54,137,101,44,P1
501,8,55,119,129,18,P1
501,8,56,39,102,0,P1
501,8,57,79,104,0,P1
501,8,58,109,113,6,P1
501,8,59,89,103,17,P1
501,8,60,71,107,12,P1
501,8,61,117,135,0,P1
501,8,62,33,111,0,P1
501,8,63,79,140,0,P1
501,8,64,111,102,29,P1
501,8,65,125,116,59,P1
501,8,66,149,147,21,P1
501,8,67,131,103,0,P1
501,8,68,117,142,20,P1
501,8,69,81,110,0,P1
501,8,70,53,128,0,P1
501,8,71,31,103,0,P1
501,8,72,35,107,0,P1
501,8,73,85,117,0,P1
501,8,74,73,121,0,P1
501,8,75,177,118,0,P1
501,8,76,159,104,0,P1
501,8,77,43,121,0,P1
501,8,78,101,123,26,P1
501,8,79,81,106,0,P1
501,8,80,115,101,15,P1
501,8,81,47,104,0,P1
501,8,82,105,141,12,P1
501,8,83,97,113,0,P1
501,8,84,77,102,0,P1
501,8,85,97,119,0,P1
501,8,86,121,108,0,P1
501,8,87,47,116,0,P1
501,8,88,117,120,0,P1
501,8,89,97,130,0,P1
501,8,90,167,114,79,P1
501,8,91,71,126,0,P1
501,8,92,119,111,0,P1
501,8,93,99,114,0,P1
501,8,94,103,126,0,P1
501,8,95,99,100,0,P1
501,8,96,61,128,0,P1
501,8,97,135,120,0,P1
501,8,98,111,105,9,P1
501,8,99,45,101,0,P1
451,8,0,99,104,0,P1
451,8,1,47,100,0,P1
451,8,2,45,110,12,P1
451,8,3,83,119,0,P1
451,8,4,29,120,0,P1
451,8,5,61,111,0,P1
451,8,6,129,112,0,P1
451,8,7,71,144,0,P1
451,8,8,79,129,0,P1
451,8,9,95,104,9,P1
451,8,10,65,110,0,P1
451,8,11,161,129,10,P1
451,8,12,65,125,0,P1
451,8,13,53,102,22,P1
451,8,14,67,105,8,P1
451,8,15,119,113,0,P1
451,8,16,137,111,18,P1
451,8,17,41,119,0,P1
451,8,18,77,110,0,P1
451,8,19,105,131,0,P1
451,8,20,145,108,12,P1
451,8,21,109,110,16,P1
451,8,22,173,113,58,P1
451,8,23,29,114,0,P1
451,8,24,77,134,0,P1
451,8,25,139,118,24,P1
451,8,26,81,110,0,P1
451,8,27,95,100,0,P1
451,8,28,77,126,0,P1
451,8,29,91,130,24,P1
451,8,30,67,110,0,P1
451,8,31,39,113,0,P1
451,8,32,119,127,19,P1
451,8,33,115,126,16,P1
451,8,34,55,136,0,P1
451,8,35,121,132,18,P1
451,8,36,85,110,0,P1
451,8,37,81,120,0,P1
451,8,38,69,127,0,P1
451,8,39,111,126,18,P1
451,8,40,19,110,0,P1
451,8,41,91,119,0,P1
451,8,42,51,108,0,P1
451,8,43,23,109,0,P1
451,8,44,69,108,0,P1
451,8,45,151,120,4,P1
451,8,46,37,131,0,P1
451,8,47,89,117,23,P1
451,8,48,165,122,4,P1
451,8,49,151,102,73,P1
451,8,50,181,128,10,P1
451,8,51,93,129,0,P1
451,8,52,149,128,12,P1
451,8,53,81,134,0,P1
451,8,54,79,115,24,P1
451,8,55,93,130,0,P1
451,8,56,183,110,27,P1
451,8,57,67,105,0,P1
451,8,58,61,114,0,P1
451,8,59,103,107,0,P1
451,8,60,89,112,0,P1
451,8,61,131,111,0,P1
451,8,62,147,135,29,P1
451,8,63,67,106,0,P1
451,8,64,105,120,16,P1
451,8,65,39,102,0,P1
451,8,66,95,115,0,P1
451,8,67,145,141,32,P1
451,8,68,135,114,0,P1
451,8,69,71,101,16,P1
451,8,70,79,107,0,P1
451,8,71,113,130,0,P1
451,8,72,91,112,0,P1
451,8,73,141,107,7,P1
451,8,74,77,116,0,P1
451,8,75,69,116,0,P1
451,8,76,87,101,36,P1
451,8,77,95,115,33,P1
451,8,78,39,130,0,P1
451,8,79,121,118,0,P1
451,8,80,109,113,14,P1
451,8,81,27,103,62,P1
451,8,82,105,104,0,P1
451,8,83,111,111,7,P1
451,8,84,63,105,18,P1
451,8,85,153,101,40,P1
451,8,86,151,101,49,P1
451,8,87,111,107,20,P1
451,8,88,75,100,11,P1
451,8,89,89,105,12,P1
451,8,90,103,113,7,P1
451,8,91,95,116,14,P1
451,8,92,167,133,14,P1
451,8,93,59,108,0,P1
451,8,94,95,117,0,P1
451,8,95,137,113,0,P1
451,8,96,161,148,29,P1
451,8,97,95,103,0,P1
451,8,98,133,129,0,P1
451,8,99,43,138,0,P1
401,8,0,169,113,10,P1
401,8,1,73,101,0,P1
401,8,2,127,105,15,P1
401,8,3,93,113,11,P1
401,8,4,167,109,0,P1
401,8,5,145,144,1,P1
401,8,6,141,110,12,P1
401,8,7,131,147,44,P1
401,8,8,75,108,0,P1
401,8,9,64,113,0,P1
401,8,10,67,117,0,P1
401,8,11,159,129,5,P1
401,8,12,61,109,0,P1
401,8,13,41,113,0,P1
401,8,14,69,143,11,P1
401,8,15,83,130,0,P1
401,8,16,131,110,0,P1
401,8,17,77,150,3,P1
401,8,18,59,115,0,P1
401,8,19,87,117,0,P1
401,8,20,115,100,0,P1
401,8,21,47,112,0,P1
401,8,22,187,111,21,P1
401,8,23,153,105,0,P1
401,8,24,81,124,0,P1
401,8,25,67,123,0,P1
401,8,26,109,121,0,P1
401,8,27,83,115,0,P1
401,8,28,117,153,0,P1
401,8,29,139,124,15,P1
401,8,30,71,103,9,P1
401,8,31,73,103,0,P1
401,8,32,87,100,6,P1
401,8,33,111,115,0,P1
401,8,34,81,122,0,P1
401,8,35,175,130,0,P1
401,8,36,107,100,0,P1
401,8,37,89,123,0,P1
401,8,38,105,102,0,P1
401,8,39,85,113,0,P1
401,8,40,115,113,12,P1
401,8,41,133,119,16,P1
401,8,42,73,130,0,P1
401,8,43,151,106,17,P1
401,8,44,111,110,0,P1
401,8,45,39,128,0,P1
401,8,46,141,109,48,P1
401,8,47,103,123,9,P1
401,8,48,71,119,10,P1
401,8,49,147,122,0,P1
401,8,50,79,118,0,P1
401,8,51,87,102,0,P1
401,8,52,145,106,0,P1
401,8,53,91,105,0,P1
401,8,54,157,103,27,P1
401,8,55,77,109,0,P1
401,8,56,131,109,0,P1
401,8,57,103,109,0,P1
401,8,58,91,109,0,P1
401,8,59,101,147,6,P1
401,8,60,113,103,0,P1
401,8,61,109,153,74,P1
401,8,62,91,113,0,P1
401,8,63,69,120,15,P1
401,8,64,99,105,0,P1
401,8,65,47,114,0,P1
401,8,66,95,125,0,P1
401,8,67,99,124,4,P1
401,8,68,235,105,33,P1
401,8,69,115,102,14,P1
401,8,70,87,101,0,P1
401,8,71,229,128,73,P1
401,8,72,47,105,0,P1
401,8,73,125,104,23,P1
401,8,74,31,101,0,P1
401,8,75,59,103,0,P1
401,8,76,99,118,0,P1
401,8,77,95,117,22,P1
401,8,78,85,119,10,P1
401,8,79,63,138,0,P1
401,8,80,121,119,0,P1
401,8,81,163,115,18,P1
401,8,82,109,100,25,P1
401,8,83,31,117,0,P1
401,8,84,141,119,0,P1
401,8,85,83,106,0,P1
401,8,86,65,109,0,P1
401,8,87,121,123,13,P1
401,8,88,137,139,16,P1
401,8,89,89,107,0,P1
401,8,90,113,137,12,P1
401,8,91,125,107,21,P1
401,8,92,109,112,14,P1
401,8,93,117,104,14,P1
401,8,94,139,114,0,P1
401,8,95,107,120,0,P1
401,8,96,125,116,0,P1
401,8,97,85,103,0,P1
401,8,98,117,128,0,P1
401,8,99,103,143,0,P1
351,8,0,125,107,25,P1
351,8,1,145,107,12,P1
351,8,2,121,120,59,P1
351,8,3,139,117,43,P1
351,8,4,143,108,30,P1
351,8,5,119,104,0,P1
351,8,6,87,112,43,P1
351,8,7,141,110,15,P1
351,8,8,139,111,6,P1
351,8,9,67,114,0,P1
351,8,10,69,103,0,P1
351,8,11,113,108,0,P1
351,8,12,139,111,32,P1
351,8,13,145,119,36,P1
351,8,14,81,100,0,P1
351,8,15,149,116,45,P1
351,8,16,77,105,0,P1
351,8,17,169,113,12,P1
351,8,18,141,102,0,P1
351,8,19,135,110,1,P1
351,8,20,161,111,0,P1
351,8,21,123,106,0,P1
351,8,22,63,102,0,P1
351,8,23,83,155,0,P1
351,8,24,131,117,67,P1
351,8,25,97,109,0,P1
351,8,26,99,102,1,P1
351,8,27,133,111,0,P1
351,8,28,93,109,13,P1
351,8,29,223,128,15,P1
351,8,30,145,107,8,P1
351,8,31,171,123,29,P1
351,8,32,79,106,0,P1
351,8,33,109,119,27,P1
351,8,34,53,108,0,P1
351,8,35,211,128,0,P1
351,8,36,131,126,6,P1
351,8,37,201,114,54,P1
351,8,38,225,100,60,P1
351,8,39,187,157,15,P1
351,8,40,185,113,35,P1
351,8,41,113,116,0,P1
351,8,42,121,125,14,P1
351,8,43,146,103,20,P1
351,8,44,83,110,0,P1
351,8,45,89,101,0,P1
351,8,46,161,110,0,P1
351,8,47,135,110,16,P1
351,8,48,145,119,0,P1
351,8,49,109,134,0,P1
351,8,50,265,119,39,P1
351,8,51,157,110,14,P1
351,8,52,149,151,0,P1
351,8,53,205,121,6,P1
351,8,54,75,104,0,P1
351,8,55,311,102,15,P1
351,8,56,65,114,0,P1
351,8,57,121,126,29,P1
351,8,58,159,114,37,P1
351,8,59,97,105,0,P1
351,8,60,185,116,0,P1
351,8,61,151,118,35,P1
351,8,62,179,111,0,P1
351,8,63,175,108,0,P1
351,8,64,135,103,21,P1
351,8,65,121,146,0,P1
351,8,66,101,123,0,P1
351,8,67,141,147,18,P1
351,8,68,289,103,87,P1
351,8,69,123,122,38,P1
351,8,70,163,116,0,P1
351,8,71,129,100,24,P1
351,8,72,207,110,12,P1
351,8,73,119,108,15,P1
351,8,74,221,109,35,P1
351,8,75,231,103,19,P1
351,8,76,157,102,15,P1
351,8,77,129,127,0,P1
351,8,78,107,122,0,P1
351,8,79,209,107,25,P1
351,8,80,99,117,0,P1
351,8,81,91,123,0,P1
351,8,82,183,112,16,P1
351,8,83,183,106,53,P1
351,8,84,161,107,0,P1
351,8,85,161,116,12,P1
351,8,86,149,141,49,P1
351,8,87,265,123,0,P1
351,8,88,113,109,5,P1
351,8,89,157,118,16,P1
351,8,90,159,103,60,P1
351,8,91,189,110,14,P1
351,8,92,101,129,0,P1
351,8,93,103,100,0,P1
351,8,94,195,132,32,P1
351,8,95,211,110,17,P1
351,8,96,252,129,34,P1
351,8,97,81,126,0,P1
351,8,98,79,106,16,P1
351,8,99,245,114,35,P1
301,8,0,147,119,23,P1
301,8,1,129,102,19,P1
301,8,2,365,114,74,P1
301,8,3,225,110,31,P1
301,8,4,79,111,0,P1
301,8,5,357,113,69,P1
301,8,6,119,106,21,P1
301,8,7,291,112,0,P1
301,8,8,187,109,18,P1
301,8,9,163,119,29,P1
301,8,10,169,125,34,P1
301,8,11,219,116,11,P1
301,8,12,125,111,0,P1
301,8,13,465,144,27,P1
301,8,14,321,108,20,P1
301,8,15,81,100,0,P1
301,8,16,91,100,0,P1
301,8,17,99,115,0,P1
301,8,18,143,100,43,P1
301,8,19,345,140,9,P1
301,8,20,214,106,2,P1
301,8,21,139,107,73,P1
301,8,22,65,119,0,P1
301,8,23,241,105,28,P1
301,8,24,141,118,36,P1
301,8,25,83,109,0,P1
301,8,26,233,107,0,P1
301,8,27,179,139,0,P1
301,8,28,253,104,13,P1
301,8,29,113,107,15,P1
301,8,30,199,105,0,P1
301,8,31,75,105,0,P1
301,8,32,225,120,2,P1
301,8,33,253,143,0,P1
301,8,34,177,115,59,P1
301,8,35,185,114,0,P1
301,8,36,305,108,25,P1
301,8,37,499,126,37,P1
301,8,38,137,102,28,P1
301,8,39,124,103,45,P1
301,8,40,131,103,29,P1
301,8,41,97,103,30,P1
301,8,42,211,124,12,P1
301,8,43,185,123,0,P1
301,8,44,365,114,56,P1
301,8,45,241,101,47,P1
301,8,46,185,106,0,P1
301,8,47,89,101,0,P1
301,8,48,371,118,42,P1
301,8,49,241,122,21,P1
301,8,50,221,118,0,P1
301,8,51,150,103,43,P1
301,8,52,123,122,0,P1
301,8,53,309,107,28,P1
301,8,54,255,104,0,P1
301,8,55,253,105,0,P1
301,8,56,295,118,43,P1
301,8,57,263,100,13,P1
301,8,58,273,112,41,P1
301,8,59,169,143,17,P1
301,8,60,377,118,29,P1
301,8,61,127,108,9,P1
301,8,62,181,128,48,P1
301,8,63,271,112,22,P1
301,8,64,113,137,0,P1
301,8,65,231,122,0,P1
301,8,66,283,113,51,P1
301,8,67,197,159,38,P1
301,8,68,199,103,19,P1
301,8,69,291,107,26,P1
301,8,70,395,115,21,P1
301,8,71,171,100,0,P1
301,8,72,99,125,0,P1
301,8,73,321,112,0,P1
301,8,74,105,125,52,P1
301,8,75,237,114,7,P1
301,8,76,147,127,22,P1
301,8,77,173,144,0,P1
301,8,78,169,130,12,P1
301,8,79,299,122,6,P1
301,8,80,203,89,113,P2
301,8,81,127,123,0,P1
301,8,82,223,129,35,P1
301,8,83,431,123,19,P1
301,8,84,231,104,11,P1
301,8,85,99,104,0,P1
301,8,86,79,107,0,P1
301,8,87,213,119,11,P1
301,8,88,89,115,2,P1
301,8,89,270,35,107,P2
301,8,90,313,106,71,P1
301,8,91,169,124,9,P1
301,8,92,183,105,0,P1
301,8,93,175,134,15,P1
301,8,94,187,100,46,P1
301,8,95,155,114,0,P1
301,8,96,203,110,0,P1
301,8,97,143,101,0,P1
301,8,98,401,109,21,P1
301,8,99,147,117,0,P1
251,8,0,67,104,0,P1
251,8,1,223,126,23,P1
251,8,2,263,113,43,P1
251,8,3,219,106,38,P1
251,8,4,207,107,0,P1
251,8,5,259,138,0,P1
251,8,6,255,114,73,P1
251,8,7,167,150,24,P1
251,8,8,643,101,98,P1
251,8,9,199,105,18,P1
251,8,10,245,126,42,P1
251,8,11,171,124,0,P1
251,8,12,475,108,85,P1
251,8,13,107,100,0,P1
251,8,14,325,121,28,P1
251,8,15,323,113,83,P1
251,8,16,195,129,10,P1
251,8,17,115,103,39,P1
251,8,18,283,104,65,P1
251,8,19,173,116,3,P1
251,8,20,281,120,0,P1
251,8,21,160,100,0,P1
251,8,22,61,104,2,P1
251,8,23,245,114,27,P1
251,8,24,265,110,37,P1
251,8,25,399,101,35,P1
251,8,26,300,119,29,P1
251,8,27,107,100,11,P1
251,8,28,457,120,0,P1
251,8,29,237,103,13,P1
251,8,30,267,108,34,P1
251,8,31,339,123,9,P1
251,8,32,95,118,0,P1
251,8,33,401,108,14,P1
251,8,34,597,111,79,P1
251,8,35,205,103,16,P1
251,8,36,317,119,0,P1
251,8,37,267,106,32,P1
251,8,38,313,106,40,P1
251,8,39,173,132,11,P1
251,8,40,283,107,6,P1
251,8,41,293,159,39,P1
251,8,42,275,124,51,P1
251,8,43,187,157,17,P1
251,8,44,153,128,12,P1
251,8,45,267,102,26,P1
251,8,46,363,103,50,P1
251,8,47,223,115,27,P1
251,8,48,189,100,1,P1
251,8,49,265,100,69,P1
251,8,50,209,149,33,P1
251,8,51,141,114,0,P1
251,8,52,279,168,0,P1
251,8,53,309,110,31,P1
251,8,54,315,101,88,P1
251,8,55,281,103,33,P1
251,8,56,163,102,26,P1
251,8,57,453,115,43,P1
251,8,58,209,102,13,P1
251,8,59,305,109,60,P1
251,8,60,267,110,84,P1
251,8,61,209,102,22,P1
251,8,62,307,117,36,P1
251,8,63,267,116,29,P1
251,8,64,193,111,0,P1
251,8,65,347,134,13,P1
251,8,66,287,102,36,P1
251,8,67,233,117,0,P1
251,8,68,573,110,4,P1
251,8,69,119,100,0,P1
251,8,70,175,117,0,P1
251,8,71,287,124,0,P1
251,8,72,315,102,56,P1
251,8,73,149,136,43,P1
251,8,74,107,109,67,P1
251,8,75,187,107,23,P1
251,8,76,75,122,0,P1
251,8,77,115,120,16,P1
251,8,78,135,116,47,P1
251,8,79,261,129,26,P1
251,8,80,185,102,69,P1
251,8,81,115,100,0,P1
251,8,82,165,118,18,P1
251,8,83,115,102,36,P1
251,8,84,101,105,0,P1
251,8,85,131,119,0,P1
251,8,86,109,149,0,P1
251,8,87,91,103,0,P1
251,8,88,149,110,15,P1
251,8,89,229,110,36,P1
251,8,90,409,140,71,P1
251,8,91,287,113,0,P1
251,8,92,235,112,30,P1
251,8,93,131,143,11,P1
251,8,94,319,108,24,P1
251,8,95,85,102,0,P1
251,8,96,245,106,0,P1
251,8,97,353,125,27,P1
251,8,98,367,101,53,P1
251,8,99,215,128,25,P1
201,8,0,211,105,24,P1
201,8,1,129,133,7,P1
201,8,2,261,132,13,P1
201,8,3,209,109,51,P1
201,8,4,235,111,0,P1
201,8,5,349,101,68,P1
201,8,6,135,112,7,P1
201,8,7,209,107,16,P1
201,8,8,432,101,92,P1
201,8,9,187,112,21,P1
201,8,10,269,108,0,P1
201,8,11,209,113,0,P1
201,8,12,387,141,69,P1
201,8,13,313,106,0,P1
201,8,14,455,127,36,P1
201,8,15,159,112,10,P1
201,8,16,397,109,71,P1
201,8,17,191,113,0,P1
201,8,18,133,136,0,P1
201,8,19,395,110,57,P1
201,8,20,377,125,44,P1
201,8,21,291,119,65,P1
201,8,22,239,113,0,P1
201,8,23,141,113,16,P1
201,8,24,135,107,14,P1
201,8,25,377,123,34,P1
201,8,26,255,124,0,P1
201,8,27,227,108,0,P1
201,8,28,121,109,8,P1
201,8,29,363,127,28,P1
201,8,30,101,115,0,P1
201,8,31,253,119,22,P1
201,8,32,71,109,0,P1
201,8,33,269,131,13,P1
201,8,34,189,128,0,P1
201,8,35,327,111,0,P1
201,8,36,163,107,18,P1
201,8,37,167,111,25,P1
201,8,38,291,130,0,P1
201,8,39,281,107,0,P1
201,8,40,375,121,51,P1
201,8,41,417,127,26,P1
201,8,42,379,137,22,P1
201,8,43,279,115,23,P1
201,8,44,203,104,26,P1
201,8,45,169,116,12,P1
201,8,46,153,105,7,P1
201,8,47,175,105,45,P1
201,8,48,212,60,104,P2
201,8,49,147,119,13,P1
201,8,50,489,115,75,P1
201,8,51,211,107,10,P1
201,8,52,265,101,18,P1
201,8,53,240,56,105,P2
201,8,54,271,152,4,P1
201,8,55,267,144,31,P1
201,8,56,231,134,15,P1
201,8,57,203,105,7,P1
201,8,58,341,117,60,P1
201,8,59,149,102,25,P1
201,8,60,396,85,105,P2
201,8,61,443,128,74,P1
201,8,62,229,102,0,P1
201,8,63,303,116,25,P1
201,8,64,385,102,29,P1
201,8,65,171,104,9,P1
201,8,66,391,107,42,P1
201,8,67,325,109,79,P1
201,8,68,79,107,0,P1
201,8,69,215,122,34,P1
201,8,70,277,110,26,P1
201,8,71,101,104,26,P1
201,8,72,345,140,62,P1
201,8,73,157,105,0,P1
201,8,74,163,126,14,P1
201,8,75,241,103,29,P1
201,8,76,347,139,63,P1
201,8,77,171,102,27,P1
201,8,78,365,105,50,P1
201,8,79,175,108,0,P1
201,8,80,271,107,0,P1
201,8,81,209,112,69,P1
201,8,82,285,101,18,P1
201,8,83,255,103,52,P1
201,8,84,239,108,0,P1
201,8,85,247,103,32,P1
201,8,86,355,150,17,P1
201,8,87,550,55,109,P2
201,8,88,275,116,30,P1
201,8,89,437,129,28,P1
201,8,90,569,133,46,P1
201,8,91,317,110,38,P1
201,8,92,125,100,0,P1
201,8,93,103,104,0,P1
201,8,94,375,119,13,P1
201,8,95,467,112,27,P1
201,8,96,115,104,30,P1
201,8,97,277,122,0,P1
201,8,98,267,106,54,P1
201,8,99,269,106,76,P1
151,8,0,569,114,45,P1
151,8,1,260,40,127,P2
151,8,2,219,113,16,P1
151,8,3,556,93,116,P2
151,8,4,69,122,0,P1
151,8,5,201,102,54,P1
151,8,6,249,100,20,P1
151,8,7,435,123,81,P1
151,8,8,347,118,58,P1
151,8,9,399,115,35,P1
151,8,10,303,101,74,P1
151,8,11,163,105,30,P1
151,8,12,165,105,0,P1
151,8,13,311,113,0,P1
151,8,14,329,107,27,P1
151,8,15,309,147,55,P1
151,8,16,521,118,65,P1
151,8,17,299,128,26,P1
151,8,18,335,115,65,P1
151,8,19,215,127,22,P1
151,8,20,34,0,115,P2
151,8,21,269,123,18,P1
151,8,22,135,110,0,P1
151,8,23,317,115,41,P1
151,8,24,257,123,14,P1
151,8,25,347,113,51,P1
151,8,26,203,115,14,P1
151,8,27,108,113,48,P1
151,8,28,267,104,77,P1
151,8,29,305,102,0,P1
151,8,30,177,111,15,P1
151,8,31,691,118,37,P1
151,8,32,217,110,6,P1
151,8,33,311,102,36,P1
151,8,34,387,122,6,P1
151,8,35,83,103,0,P1
151,8,36,305,138,18,P1
151,8,37,79,105,0,P1
151,8,38,165,124,34,P1
151,8,39,143,119,19,P1
151,8,40,283,112,12,P1
151,8,41,119,108,0,P1
151,8,42,361,109,56,P1
151,8,43,241,101,39,P1
151,8,44,239,108,87,P1
151,8,45,417,108,56,P1
151,8,46,282,100,47,P1
151,8,47,455,112,70,P1
151,8,48,229,112,0,P1
151,8,49,200,112,14,P1
151,8,50,293,118,11,P1
151,8,51,389,120,66,P1
151,8,52,546,79,104,P2
151,8,53,269,111,18,P1
151,8,54,45,103,8,P1
151,8,55,145,100,0,P1
151,8,56,349,101,30,P1
151,8,57,337,103,0,P1
151,8,58,153,114,46,P1
151,8,59,305,108,19,P1
151,8,60,331,130,16,P1
151,8,61,283,121,18,P1
151,8,62,439,107,0,P1
151,8,63,307,125,39,P1
151,8,64,495,131,43,P1
151,8,65,111,108,31,P1
151,8,66,419,101,78,P1
151,8,67,451,109,33,P1
151,8,68,299,115,48,P1
151,8,69,361,102,83,P1
151,8,70,427,108,43,P1
151,8,71,259,103,45,P1
151,8,72,312,114,67,P1
151,8,73,463,107,85,P1
151,8,74,265,119,7,P1
151,8,75,259,102,31,P1
151,8,76,457,107,22,P1
151,8,77,267,148,6,P1
151,8,78,489,107,0,P1
151,8,79,535,108,25,P1
151,8,80,141,104,12,P1
151,8,81,347,107,49,P1
151,8,82,555,133,77,P1
151,8,83,159,100,0,P1
151,8,84,201,105,40,P1
151,8,85,609,112,27,P1
151,8,86,253,156,17,P1
151,8,87,341,106,31,P1
151,8,88,217,102,0,P1
151,8,89,515,120,53,P1
151,8,90,192,119,33,P1
151,8,91,279,110,19,P1
151,8,92,310,121,0,P1
151,8,93,333,117,33,P1
151,8,94,557,138,67,P1
151,8,95,191,137,13,P1
151,8,96,225,101,35,P1
151,8,97,315,114,21,P1
151,8,98,397,136,0,P1
151,8,99,101,113,46,P1
101,8,0,217,120,20,P1
101,8,1,363,128,43,P1
101,8,2,331,103,47,P1
101,8,3,549,104,45,P1
101,8,4,400,103,45,P1
101,8,5,358,34,127,P2
101,8,6,290,21,110,P2
101,8,7,328,104,50,P1
101,8,8,473,101,65,P1
101,8,9,491,124,44,P1
101,8,10,501,126,50,P1
101,8,11,364,103,0,P1
101,8,12,555,112,6,P1
101,8,13,531,145,66,P1
101,8,14,338,70,118,P2
101,8,15,309,133,33,P1
101,8,16,269,106,17,P1
101,8,17,657,111,82,P1
101,8,18,275,121,58,P1
101,8,19,147,110,0,P1
101,8,20,371,128,46,P1
101,8,21,137,111,18,P1
101,8,22,333,105,64,P1
101,8,23,395,123,72,P1
101,8,24,515,121,80,P1
101,8,25,392,65,114,P2
101,8,26,251,144,4,P1
101,8,27,305,108,24,P1
101,8,28,443,106,0,P1
101,8,29,638,74,103,P2
101,8,30,255,103,6,P1
101,8,31,253,101,0,P1
101,8,32,507,103,50,P1
101,8,33,251,122,21,P1
101,8,34,471,127,17,P1
101,8,35,387,144,23,P1
101,8,36,365,110,34,P1
101,8,37,269,101,17,P1
101,8,38,407,126,0,P1
101,8,39,395,107,40,P1
101,8,40,189,104,47,P1
101,8,41,324,90,109,P2
101,8,42,161,107,16,P1
101,8,43,733,124,48,P1
101,8,44,411,134,56,P1
101,8,45,235,115,24,P1
101,8,46,237,116,17,P1
101,8,47,487,127,81,P1
101,8,48,610,23,107,P2
101,8,49,914,77,120,P2
101,8,50,391,121,27,P1
101,8,51,369,101,76,P1
101,8,52,313,111,35,P1
101,8,53,547,106,68,P1
101,8,54,274,103,41,P1
101,8,55,203,121,43,P1
101,8,56,235,124,13,P1
101,8,57,229,105,36,P1
101,8,58,105,129,9,P1
101,8,59,369,105,56,P1
101,8,60,505,125,64,P1
101,8,61,181,120,51,P1
101,8,62,1029,109,58,P1
101,8,63,301,115,63,P1
101,8,64,123,118,0,P1
101,8,65,383,102,65,P1
101,8,66,435,106,45,P1
101,8,67,719,114,99,P1
101,8,68,147,108,0,P1
101,8,69,433,120,63,P1
101,8,70,499,105,79,P1
101,8,71,373,111,9,P1
101,8,72,239,100,21,P1
101,8,73,311,106,76,P1
101,8,74,105,125,0,P1
101,8,75,181,108,0,P1
101,8,76,422,49,135,P2
101,8,77,641,128,93,P1
101,8,78,364,84,125,P2
101,8,79,491,139,34,P1
101,8,80,487,100,14,P1
101,8,81,273,142,54,P1
101,8,82,77,124,0,P1
101,8,83,555,143,9,P1
101,8,84,557,107,74,P1
101,8,85,296,23,115,P2
101,8,86,353,116,9,P1
101,8,87,172,65,126,P2
101,8,88,341,123,53,P1
101,8,89,555,100,45,P1
101,8,90,229,109,18,P1
101,8,91,267,103,12,P1
101,8,92,321,108,49,P1
101,8,93,227,109,26,P1
101,8,94,111,106,17,P1
101,8,95,285,118,13,P1
101,8,96,141,120,19,P1
101,8,97,502,96,129,P2
101,8,98,361,123,40,P1
101,8,99,316,0,116,P2
51,8,0,577,115,43,P1
51,8,1,177,100,69,P1
51,8,2,255,152,0,P1
51,8,3,428,11,100,P2
51,8,4,273,114,18,P1
51,8,5,312,51,126,P2
51,8,6,527,111,4,P1
51,8,7,505,116,46,P1
51,8,8,213,114,0,P1
51,8,9,420,0,118,P2
51,8,10,500,62,129,P2
51,8,11,467,129,38,P1
51,8,12,514,0,110,P2
51,8,13,298,70,122,P2
51,8,14,405,118,97,P1
51,8,15,425,110,48,P1
51,8,16,351,105,7,P1
51,8,17,296,93,110,P2
51,8,18,1114,86,150,P2
51,8,19,349,102,21,P1
51,8,20,580,77,118,P2
51,8,21,687,123,77,P1
51,8,22,472,73,103,P2
51,8,23,629,106,32,P1
51,8,24,465,148,76,P1
51,8,25,437,109,64,P1
51,8,26,740,49,101,P2
51,8,27,748,24,103,P2
51,8,28,316,106,39,P1
51,8,29,473,100,47,P1
51,8,30,423,144,93,P1
51,8,31,457,61,108,P2
51,8,32,778,96,126,P2
51,8,33,467,122,8,P1
51,8,34,228,0,104,P2
51,8,35,389,114,49,P1
51,8,36,586,75,111,P2
51,8,37,784,66,113,P2
51,8,38,694,71,121,P2
51,8,39,458,45,121,P2
51,8,40,509,122,63,P1
51,8,41,873,109,59,P1
51,8,42,461,125,0,P1
51,8,43,527,101,70,P1
51,8,44,370,59,102,P2
51,8,45,403,105,14,P1
51,8,46,569,101,72,P1
51,8,47,652,41,101,P2
51,8,48,1276,36,109,P2
51,8,49,515,112,78,P1
51,8,50,713,137,49,P1
51,8,51,227,107,20,P1
51,8,52,422,78,101,P2
51,8,53,509,121,95,P1
51,8,54,885,116,39,P1
51,8,55,815,120,89,P1
51,8,56,984,30,128,P2
51,8,57,739,107,91,P1
51,8,58,316,14,111,P2
51,8,59,710,83,113,P2
51,8,60,990,98,108,P2
51,8,61,456,52,146,P2
51,8,62,459,129,50,P1
51,8,63,464,81,135,P2
51,8,64,911,113,67,P1
51,8,65,325,132,24,P1
51,8,66,131,117,59,P1
51,8,67,402,33,107,P2
51,8,68,405,106,94,P1
51,8,69,172,20,151,P2
51,8,70,318,89,116,P2
51,8,71,439,110,32,P1
51,8,72,330,21,115,P2
51,8,73,680,36,112,P2
51,8,74,564,63,102,P2
51,8,75,348,57,126,P2
51,8,76,453,135,0,P1
51,8,77,641,106,84,P1
51,8,78,293,127,52,P1
51,8,79,469,135,0,P1
51,8,80,509,100,90,P1
51,8,81,497,105,24,P1
51,8,82,1210,46,120,P2
51,8,83,219,115,56,P1
51,8,84,650,62,119,P2
51,8,85,383,107,0,P1
51,8,86,611,110,81,P1
51,8,87,417,105,64,P1
51,8,88,372,58,113,P2
51,8,89,470,56,115,P2
51,8,90,632,6,101,P2
51,8,91,501,104,56,P1
51,8,92,966,60,113,P2
51,8,93,648,85,121,P2
51,8,94,472,67,126,P2
51,8,95,325,142,34,P1
51,8,96,143,123,68,P1
51,8,97,587,119,93,P1
51,8,98,814,53,119,P2
51,8,99,626,103,93,P1
1,8,0,258,0,111,P2
1,8,1,258,0,107,P2
1,8,2,424,0,165,P2
1,8,3,118,0,113,P2
1,8,4,400,0,123,P2
1,8,5,348,0,110,P2
1,8,6,308,0,150,P2
1,8,7,306,0,129,P2
1,8,8,326,0,113,P2
1,8,9,260,0,135,P2
1,8,10,372,0,104,P2
1,8,11,174,0,107,P2
1,8,12,354,0,115,P2
1,8,13,404,0,122,P2
1,8,14,454,0,127,P2
1,8,15,234,0,141,P2
1,8,16,390,0,113,P2
1,8,17,318,0,105,P2
1,8,18,294,0,102,P2
1,8,19,146,0,133,P2
1,8,20,750,0,137,P2
1,8,21,150,0,125,P2
1,8,22,322,14,115,P2
1,8,23,84,0,120,P2
1,8,24,592,0,129,P2
1,8,25,780,0,121,P2
1,8,26,214,0,104,P2
1,8,27,102,0,107,P2
1,8,28,470,0,104,P2
1,8,29,278,0,110,P2
1,8,30,80,0,128,P2
1,8,31,292,0,114,P2
1,8,32,336,28,112,P2
1,8,33,158,0,126,P2
1,8,34,564,0,127,P2
1,8,35,544,0,151,P2
1,8,36,540,0,137,P2
1,8,37,260,0,137,P2
1,8,38,206,0,109,P2
1,8,39,656,11,141,P2
1,8,40,364,0,117,P2
1,8,41,160,0,108,P2
1,8,42,530,19,161,P2
1,8,43,268,0,123,P2
1,8,44,302,25,141,P2
1,8,45,106,0,108,P2
1,8,46,272,0,115,P2
1,8,47,448,0,146,P2
1,8,48,160,0,107,P2
1,8,49,272,0,133,P2
1,8,50,418,0,128,P2
1,8,51,176,0,127,P2
1,8,52,444,0,123,P2
1,8,53,502,0,111,P2
1,8,54,520,0,124,P2
1,8,55,168,0,125,P2
1,8,56,370,48,133,P2
1,8,57,430,0,109,P2
1,8,58,366,13,119,P2
1,8,59,282,0,161,P2
1,8,60,494,47,161,P2
1,8,61,316,0,112,P2
1,8,62,262,0,138,P2
1,8,63,262,0,120,P2
1,8,64,418,13,136,P2
1,8,65,212,0,106,P2
1,8,66,190,0,106,P2
1,8,67,270,0,121,P2
1,8,68,176,0,114,P2
1,8,69,660,0,125,P2
1,8,70,190,0,112,P2
1,8,71,356,0,124,P2
1,8,72,60,0,105,P2
1,8,73,104,0,101,P2
1,8,74,410,28,140,P2
1,8,75,264,0,117,P2
1,8,76,390,0,130,P2
1,8,77,54,0,106,P2
1,8,78,358,10,121,P2
1,8,79,64,0,114,P2
1,8,80,414,0,170,P2
1,8,81,470,0,126,P2
1,8,82,530,61,101,P2
1,8,83,812,0,130,P2
1,8,84,126,0,107,P2
1,8,85,278,0,103,P2
1,8,86,182,0,144,P2
1,8,87,328,0,143,P2
1,8,88,500,0,147,P2
1,8,89,174,0,122,P2
1,8,90,272,0,115,P2
1,8,91,102,0,164,P2
1,8,92,354,13,146,P2
1,8,93,138,0,133,P2
1,8,94,462,0,136,P2
1,8,95,1162,0,120,P2
1,8,96,298,0,125,P2
1,8,97,338,0,147,P2
1,8,98,440,0,135,P2
1,8,99,438,0,114,P2
501,7,0,217,117,46,P1
501,7,1,223,102,0,P1
501,7,2,187,128,22,P1
501,7,3,211,137,12,P1
501,7,4,135,102,20,P1
501,7,5,183,111,0,P1
501,7,6,317,120,0,P1
501,7,7,101,107,0,P1
501,7,8,205,110,27,P1
501,7,9,153,105,0,P1
501,7,10,299,104,31,P1
501,7,11,57,120,0,P1
501,7,12,199,103,18,P1
501,7,13,149,117,15,P1
501,7,14,245,113,7,P1
501,7,15,213,152,54,P1
501,7,16,111,116,0,P1
501,7,17,81,114,0,P1
501,7,18,399,102,37,P1
501,7,19,201,116,0,P1
501,7,20,197,130,35,P1
501,7,21,129,101,0,P1
501,7,22,143,120,0,P1
501,7,23,177,102,0,P1
501,7,24,213,103,17,P1
501,7,25,275,102,13,P1
501,7,26,73,122,0,P1
501,7,27,15,124,0,P1
501,7,28,219,107,0,P1
501,7,29,177,122,19,P1
501,7,30,203,120,21,P1
501,7,31,188,112,0,P1
501,7,32,85,102,8,P1
501,7,33,233,107,25,P1
501,7,34,93,107,26,P1
501,7,35,183,100,13,P1
501,7,36,295,103,10,P1
501,7,37,187,118,0,P1
501,7,38,243,120,45,P1
501,7,39,93,104,0,P1
501,7,40,166,79,112,P2
501,7,41,127,117,0,P1
501,7,42,175,128,13,P1
501,7,43,193,149,17,P1
501,7,44,407,132,94,P1
501,7,45,17,106,0,P1
501,7,46,107,105,0,P1
501,7,47,177,117,24,P1
501,7,48,119,100,20,P1
501,7,49,283,106,27,P1
501,7,50,179,105,19,P1
501,7,51,179,114,18,P1
501,7,52,85,108,0,P1
501,7,53,221,122,44,P1
501,7,54,127,136,91,P1
501,7,55,245,106,0,P1
501,7,56,183,110,5,P1
501,7,57,157,116,27,P1
501,7,58,277,118,13,P1
501,7,59,117,133,0,P1
501,7,60,105,105,0,P1
501,7,61,117,108,30,P1
501,7,62,177,130,30,P1
501,7,63,175,127,30,P1
501,7,64,173,117,45,P1
501,7,65,109,100,1,P1
501,7,66,65,109,0,P1
501,7,67,55,123,0,P1
501,7,68,251,110,0,P1
501,7,69,277,118,0,P1
501,7,70,161,147,46,P1
501,7,71,547,113,95,P1
501,7,72,68,114,0,P1
501,7,73,317,152,37,P1
501,7,74,103,100,15,P1
501,7,75,201,125,0,P1
501,7,76,237,105,32,P1
501,7,77,163,112,0,P1
501,7,78,281,107,73,P1
501,7,79,269,150,24,P1
501,7,80,225,106,9,P1
501,7,81,229,106,6,P1
501,7,82,121,110,0,P1
501,7,83,243,102,30,P1
501,7,84,201,109,0,P1
501,7,85,351,112,16,P1
501,7,86,145,111,15,P1
501,7,87,229,121,0,P1
501,7,88,161,104,4,P1
501,7,89,223,112,47,P1
501,7,90,267,105,0,P1
501,7,91,63,110,0,P1
501,7,92,201,117,49,P1
501,7,93,255,122,43,P1
501,7,94,191,88,103,P2
501,7,95,151,102,0,P1
501,7,96,45,100,0,P1
501,7,97,139,104,0,P1
501,7,98,49,111,0,P1
501,7,99,315,138,74,P1
451,7,0,95,104,0,P1
451,7,1,151,107,20,P1
451,7,2,291,121,34,P1
451,7,3,181,115,65,P1
451,7,4,197,135,47,P1
451,7,5,87,125,0,P1
451,7,6,271,110,42,P1
451,7,7,151,105,0,P1
451,7,8,185,123,19,P1
451,7,9,129,101,0,P1
451,7,10,163,100,35,P1
451,7,11,199,107,0,P1
451,7,12,243,124,22,P1
451,7,13,195,104,0,P1
451,7,14,135,108,59,P1
451,7,15,315,129,26,P1
451,7,16,463,127,45,P1
451,7,17,79,113,15,P1
451,7,18,91,129,0,P1
451,7,19,329,102,0,P1
451,7,20,259,123,8,P1
451,7,21,121,127,0,P1
451,7,22,147,130,0,P1
451,7,23,133,114,0,P1
451,7,24,121,117,0,P1
451,7,25,103,134,32,P1
451,7,26,199,105,15,P1
451,7,27,361,142,55,P1
451,7,28,63,112,0,P1
451,7,29,125,122,0,P1
451,7,30,51,125,0,P1
451,7,31,97,111,0,P1
451,7,32,261,120,17,P1
451,7,33,203,135,20,P1
451,7,34,145,103,23,P1
451,7,35,185,123,20,P1
451,7,36,175,137,0,P1
451,7,37,351,108,29,P1
451,7,38,179,106,4,P1
451,7,39,251,132,11,P1
451,7,40,201,105,11,P1
451,7,41,243,110,13,P1
451,7,42,185,106,35,P1
451,7,43,141,119,11,P1
451,7,44,231,101,25,P1
451,7,45,301,107,25,P1
451,7,46,213,101,50,P1
451,7,47,227,105,6,P1
451,7,48,387,113,34,P1
451,7,49,151,100,0,P1
451,7,50,161,107,6,P1
451,7,51,115,127,0,P1
451,7,52,269,122,48,P1
451,7,53,93,120,0,P1
451,7,54,321,117,48,P1
451,7,55,195,105,0,P1
451,7,56,125,108,13,P1
451,7,57,234,22,104,P2
451,7,58,107,110,0,P1
451,7,59,127,108,0,P1
451,7,60,287,104,3,P1
451,7,61,167,108,8,P1
451,7,62,155,111,0,P1
451,7,63,199,117,4,P1
451,7,64,95,102,0,P1
451,7,65,69,143,0,P1
451,7,66,87,115,0,P1
451,7,67,251,110,85,P1
451,7,68,147,113,0,P1
451,7,69,219,105,36,P1
451,7,70,147,140,0,P1
451,7,71,129,107,13,P1
451,7,72,137,134,0,P1
451,7,73,163,110,0,P1
451,7,74,151,103,0,P1
451,7,75,221,106,30,P1
451,7,76,253,128,30,P1
451,7,77,125,124,16,P1
451,7,78,49,109,2,P1
451,7,79,187,114,11,P1
451,7,80,119,106,0,P1
451,7,81,295,104,18,P1
451,7,82,77,123,0,P1
451,7,83,153,126,10,P1
451,7,84,85,110,21,P1
451,7,85,223,123,64,P1
451,7,86,265,100,51,P1
451,7,87,93,110,0,P1
451,7,88,145,109,0,P1
451,7,89,255,110,11,P1
451,7,90,225,118,7,P1
451,7,91,247,120,10,P1
451,7,92,218,104,0,P1
451,7,93,153,100,0,P1
451,7,94,151,104,0,P1
451,7,95,197,104,27,P1
451,7,96,107,131,13,P1
451,7,97,567,116,85,P1
451,7,98,159,141,19,P1
451,7,99,335,102,56,P1
401,7,0,315,130,49,P1
401,7,1,107,100,13,P1
401,7,2,327,119,24,P1
401,7,3,215,102,22,P1
401,7,4,251,122,45,P1
401,7,5,347,135,47,P1
401,7,6,195,125,0,P1
401,7,7,65,123,17,P1
401,7,8,177,119,0,P1
401,7,9,67,108,0,P1
401,7,10,159,134,7,P1
401,7,11,327,136,68,P1
401,7,12,109,146,31,P1
401,7,13,151,125,20,P1
401,7,14,163,104,0,P1
401,7,15,173,100,0,P1
401,7,16,227,144,15,P1
401,7,17,121,103,43,P1
401,7,18,135,112,54,P1
401,7,19,51,101,0,P1
401,7,20,209,139,24,P1
401,7,21,79,128,0,P1
401,7,22,331,144,73,P1
401,7,23,139,111,38,P1
401,7,24,147,111,0,P1
401,7,25,293,109,0,P1
401,7,26,123,105,12,P1
401,7,27,291,105,10,P1
401,7,28,87,106,0,P1
401,7,29,101,104,16,P1
401,7,30,295,119,0,P1
401,7,31,195,107,43,P1
401,7,32,297,134,42,P1
401,7,33,205,112,47,P1
401,7,34,341,107,15,P1
401,7,35,131,127,14,P1
401,7,36,155,131,0,P1
401,7,37,89,119,0,P1
401,7,38,265,136,0,P1
401,7,39,283,127,0,P1
401,7,40,123,116,0,P1
401,7,41,419,129,38,P1
401,7,42,193,119,0,P1
401,7,43,191,100,20,P1
401,7,44,305,123,0,P1
401,7,45,93,103,0,P1
401,7,46,181,133,3,P1
401,7,47,235,110,0,P1
401,7,48,169,100,17,P1
401,7,49,177,110,0,P1
401,7,50,487,108,47,P1
401,7,51,135,134,24,P1
401,7,52,249,134,0,P1
401,7,53,325,107,0,P1
401,7,54,129,118,0,P1
401,7,55,266,116,0,P1
401,7,56,143,122,10,P1
401,7,57,227,121,37,P1
401,7,58,201,107,0,P1
401,7,59,239,105,0,P1
401,7,60,127,114,0,P1
401,7,61,237,122,17,P1
401,7,62,217,111,28,P1
401,7,63,277,132,45,P1
401,7,64,143,100,18,P1
401,7,65,221,132,11,P1
401,7,66,561,121,71,P1
401,7,67,189,100,22,P1
401,7,68,187,108,2,P1
401,7,69,181,109,0,P1
401,7,70,249,126,15,P1
401,7,71,167,109,0,P1
401,7,72,119,139,13,P1
401,7,73,321,114,90,P1
401,7,74,449,122,41,P1
401,7,75,263,139,13,P1
401,7,76,261,142,5,P1
401,7,77,245,100,0,P1
401,7,78,115,129,0,P1
401,7,79,229,108,0,P1
401,7,80,137,134,0,P1
401,7,81,173,105,21,P1
401,7,82,269,126,0,P1
401,7,83,181,117,0,P1
401,7,84,231,116,0,P1
401,7,85,383,104,46,P1
401,7,86,257,117,50,P1
401,7,87,127,107,0,P1
401,7,88,167,113,0,P1
401,7,89,157,132,0,P1
401,7,90,243,147,33,P1
401,7,91,323,105,63,P1
401,7,92,215,113,0,P1
401,7,93,143,117,0,P1
401,7,94,175,102,50,P1
401,7,95,285,117,29,P1
401,7,96,343,146,0,P1
401,7,97,165,105,57,P1
401,7,98,369,117,61,P1
401,7,99,111,139,0,P1
351,7,0,320,109,20,P1
351,7,1,603,108,95,P1
351,7,2,147,101,0,P1
351,7,3,245,109,12,P1
351,7,4,299,137,50,P1
351,7,5,281,126,13,P1
351,7,6,139,122,0,P1
351,7,7,331,136,12,P1
351,7,8,401,145,25,P1
351,7,9,181,108,45,P1
351,7,10,179,110,9,P1
351,7,11,167,113,6,P1
351,7,12,67,106,0,P1
351,7,13,161,114,3,P1
351,7,14,149,123,0,P1
351,7,15,107,113,0,P1
351,7,16,154,124,0,P1
351,7,17,179,114,35,P1
351,7,18,335,108,12,P1
351,7,19,223,104,52,P1
351,7,20,149,119,27,P1
351,7,21,165,122,0,P1
351,7,22,185,107,0,P1
351,7,23,367,101,36,P1
351,7,24,173,108,38,P1
351,7,25,205,121,42,P1
351,7,26,163,123,1,P1
351,7,27,145,131,95,P1
351,7,28,223,109,3,P1
351,7,29,179,129,25,P1
351,7,30,305,135,58,P1
351,7,31,257,106,0,P1
351,7,32,181,149,1,P1
351,7,33,193,106,0,P1
351,7,34,71,110,0,P1
351,7,35,153,115,29,P1
351,7,36,183,108,18,P1
351,7,37,131,124,13,P1
351,7,38,321,115,38,P1
351,7,39,151,140,0,P1
351,7,40,133,106,0,P1
351,7,41,411,112,62,P1
351,7,42,125,107,0,P1
351,7,43,167,100,9,P1
351,7,44,103,117,0,P1
351,7,45,35,104,0,P1
351,7,46,129,110,23,P1
351,7,47,259,106,0,P1
351,7,48,43,114,0,P1
351,7,49,299,126,23,P1
351,7,50,219,118,0,P1
351,7,51,237,151,23,P1
351,7,52,233,117,15,P1
351,7,53,139,105,0,P1
351,7,54,101,112,0,P1
351,7,55,63,118,50,P1
351,7,56,163,103,84,P1
351,7,57,57,121,0,P1
351,7,58,225,139,0,P1
351,7,59,107,113,25,P1
351,7,60,211,123,16,P1
351,7,61,291,137,26,P1
351,7,62,175,101,0,P1
351,7,63,323,126,82,P1
351,7,64,275,105,40,P1
351,7,65,197,136,0,P1
351,7,66,265,103,0,P1
351,7,67,155,122,0,P1
351,7,68,209,110,22,P1
351,7,69,337,112,30,P1
351,7,70,91,108,35,P1
351,7,71,163,102,22,P1
351,7,72,103,100,0,P1
351,7,73,131,123,14,P1
351,7,74,241,106,50,P1
351,7,75,307,151,30,P1
351,7,76,81,111,0,P1
351,7,77,115,119,20,P1
351,7,78,273,104,0,P1
351,7,79,156,88,104,P2
351,7,80,167,118,0,P1
351,7,81,115,123,0,P1
351,7,82,339,124,30,P1
351,7,83,327,119,39,P1
351,7,84,257,110,18,P1
351,7,85,298,105,4,P1
351,7,86,121,130,8,P1
351,7,87,385,108,69,P1
351,7,88,129,134,30,P1
351,7,89,261,112,27,P1
351,7,90,227,123,0,P1
351,7,91,135,133,0,P1
351,7,92,71,119,10,P1
351,7,93,139,134,13,P1
351,7,94,237,112,48,P1
351,7,95,91,105,0,P1
351,7,96,197,120,0,P1
351,7,97,85,100,0,P1
351,7,98,79,102,0,P1
351,7,99,95,103,21,P1
301,7,0,175,103,0,P1
301,7,1,247,126,52,P1
301,7,2,167,115,35,P1
301,7,3,141,109,21,P1
301,7,4,293,145,14,P1
301,7,5,337,116,28,P1
301,7,6,199,102,12,P1
301,7,7,117,125,2,P1
301,7,8,311,100,34,P1
301,7,9,423,116,83,P1
301,7,10,77,104,0,P1
301,7,11,247,112,26,P1
301,7,12,135,121,0,P1
301,7,13,261,114,14,P1
301,7,14,87,107,20,P1
301,7,15,215,119,32,P1
301,7,16,468,88,103,P2
301,7,17,149,104,35,P1
301,7,18,144,104,24,P1
301,7,19,327,121,41,P1
301,7,20,557,115,68,P1
301,7,21,203,111,0,P1
301,7,22,243,100,0,P1
301,7,23,457,103,79,P1
301,7,24,241,157,15,P1
301,7,25,251,118,22,P1
301,7,26,239,108,0,P1
301,7,27,195,136,51,P1
301,7,28,263,106,7,P1
301,7,29,133,109,6,P1
301,7,30,237,120,0,P1
301,7,31,141,101,9,P1
301,7,32,271,110,23,P1
301,7,33,127,136,34,P1
301,7,34,269,130,42,P1
301,7,35,325,110,55,P1
301,7,36,163,122,68,P1
301,7,37,85,107,0,P1
301,7,38,277,119,0,P1
301,7,39,195,120,53,P1
301,7,40,193,114,15,P1
301,7,41,183,112,0,P1
301,7,42,273,125,1,P1
301,7,43,201,117,17,P1
301,7,44,105,117,0,P1
301,7,45,183,107,3,P1
301,7,46,141,116,7,P1
301,7,47,171,122,38,P1
301,7,48,81,135,0,P1
301,7,49,165,123,0,P1
301,7,50,165,140,16,P1
301,7,51,333,148,36,P1
301,7,52,271,110,14,P1
301,7,53,491,101,46,P1
301,7,54,383,116,13,P1
301,7,55,175,109,84,P1
301,7,56,505,104,38,P1
301,7,57,119,114,30,P1
301,7,58,145,110,0,P1
301,7,59,353,100,42,P1
301,7,60,141,110,47,P1
301,7,61,211,135,12,P1
301,7,62,279,113,0,P1
301,7,63,213,112,45,P1
301,7,64,327,135,19,P1
301,7,65,157,110,11,P1
301,7,66,299,122,3,P1
301,7,67,153,130,50,P1
301,7,68,187,103,96,P1
301,7,69,133,114,0,P1
301,7,70,251,101,21,P1
301,7,71,252,112,51,P1
301,7,72,301,118,20,P1
301,7,73,53,114,0,P1
301,7,74,281,110,18,P1
301,7,75,147,113,0,P1
301,7,76,141,107,0,P1
301,7,77,157,128,0,P1
301,7,78,75,114,0,P1
301,7,79,489,126,88,P1
301,7,80,299,106,68,P1
301,7,81,171,103,6,P1
301,7,82,197,127,25,P1
301,7,83,79,101,0,P1
301,7,84,261,100,40,P1
301,7,85,233,110,34,P1
301,7,86,255,115,73,P1
301,7,87,229,105,31,P1
301,7,88,265,103,13,P1
301,7,89,327,125,3,P1
301,7,90,309,117,78,P1
301,7,91,79,108,0,P1
301,7,92,129,134,62,P1
301,7,93,89,112,0,P1
301,7,94,125,133,46,P1
301,7,95,197,104,38,P1
301,7,96,293,127,28,P1
301,7,97,147,103,18,P1
301,7,98,187,111,0,P1
301,7,99,339,110,92,P1
251,7,0,215,110,98,P1
251,7,1,399,107,14,P1
251,7,2,233,101,6,P1
251,7,3,241,107,0,P1
251,7,4,467,103,89,P1
251,7,5,193,102,15,P1
251,7,6,207,104,0,P1
251,7,7,309,107,29,P1
251,7,8,263,152,34,P1
251,7,9,249,110,13,P1
251,7,10,167,114,0,P1
251,7,11,347,122,21,P1
251,7,12,189,105,0,P1
251,7,13,49,120,0,P1
251,7,14,253,115,0,P1
251,7,15,103,104,0,P1
251,7,16,233,139,0,P1
251,7,17,175,117,36,P1
251,7,18,183,113,26,P1
251,7,19,73,112,0,P1
251,7,20,461,105,25,P1
251,7,21,151,100,0,P1
251,7,22,117,123,21,P1
251,7,23,181,114,28,P1
251,7,24,249,125,83,P1
251,7,25,501,151,0,P1
251,7,26,295,109,27,P1
251,7,27,321,115,12,P1
251,7,28,275,108,0,P1
251,7,29,217,101,30,P1
251,7,30,151,123,0,P1
251,7,31,200,100,34,P1
251,7,32,239,121,20,P1
251,7,33,149,124,0,P1
251,7,34,273,116,11,P1
251,7,35,511,123,44,P1
251,7,36,117,126,16,P1
251,7,37,139,106,19,P1
251,7,38,163,135,0,P1
251,7,39,251,101,12,P1
251,7,40,415,112,18,P1
251,7,41,99,117,0,P1
251,7,42,305,100,71,P1
251,7,43,91,100,20,P1
251,7,44,307,100,0,P1
251,7,45,213,103,43,P1
251,7,46,433,104,85,P1
251,7,47,249,114,76,P1
251,7,48,247,114,57,P1
251,7,49,253,107,14,P1
251,7,50,165,121,0,P1
251,7,51,333,112,13,P1
251,7,52,333,130,40,P1
251,7,53,203,107,0,P1
251,7,54,305,100,26,P1
251,7,55,169,107,0,P1
251,7,56,307,122,77,P1
251,7,57,195,107,38,P1
251,7,58,261,128,38,P1
251,7,59,527,125,51,P1
251,7,60,179,106,15,P1
251,7,61,393,104,15,P1
251,7,62,87,113,12,P1
251,7,63,191,128,64,P1
251,7,64,359,106,0,P1
251,7,65,219,133,7,P1
251,7,66,231,112,64,P1
251,7,67,285,105,16,P1
251,7,68,335,104,0,P1
251,7,69,195,106,2,P1
251,7,70,556,57,124,P2
251,7,71,109,129,6,P1
251,7,72,269,116,43,P1
251,7,73,197,120,16,P1
251,7,74,271,137,67,P1
251,7,75,141,108,6,P1
251,7,76,197,120,29,P1
251,7,77,357,125,55,P1
251,7,78,363,112,37,P1
251,7,79,251,107,1,P1
251,7,80,385,119,40,P1
251,7,81,151,105,0,P1
251,7,82,177,102,0,P1
251,7,83,307,121,72,P1
251,7,84,501,123,76,P1
251,7,85,237,104,31,P1
251,7,86,153,106,9,P1
251,7,87,345,120,13,P1
251,7,88,235,139,0,P1
251,7,89,117,110,0,P1
251,7,90,213,104,25,P1
251,7,91,39,116,0,P1
251,7,92,275,112,0,P1
251,7,93,497,127,93,P1
251,7,94,97,100,0,P1
251,7,95,233,101,40,P1
251,7,96,261,107,0,P1
251,7,97,282,48,104,P2
251,7,98,195,106,25,P1
251,7,99,125,119,24,P1
201,7,0,545,104,54,P1
201,7,1,159,102,19,P1
201,7,2,59,100,0,P1
201,7,3,267,100,14,P1
201,7,4,207,101,57,P1
201,7,5,249,103,0,P1
201,7,6,269,112,12,P1
201,7,7,213,120,29,P1
201,7,8,153,124,18,P1
201,7,9,225,106,31,P1
201,7,10,481,122,75,P1
201,7,11,243,102,0,P1
201,7,12,437,109,50,P1
201,7,13,213,113,0,P1
201,7,14,259,135,27,P1
201,7,15,339,108,36,P1
201,7,16,219,113,42,P1
201,7,17,107,103,0,P1
201,7,18,139,114,0,P1
201,7,19,149,135,0,P1
201,7,20,273,158,0,P1
201,7,21,261,108,30,P1
201,7,22,155,107,0,P1
201,7,23,235,111,75,P1
201,7,24,317,100,0,P1
201,7,25,181,106,0,P1
201,7,26,287,128,22,P1
201,7,27,71,104,0,P1
201,7,28,245,126,0,P1
201,7,29,411,100,2,P1
201,7,30,91,116,3,P1
201,7,31,211,113,3,P1
201,7,32,253,130,34,P1
201,7,33,187,109,0,P1
201,7,34,177,121,22,P1
201,7,35,183,108,44,P1
201,7,36,113,110,47,P1
201,7,37,343,104,16,P1
201,7,38,189,111,0,P1
201,7,39,335,120,19,P1
201,7,40,139,114,0,P1
201,7,41,171,118,8,P1
201,7,42,189,138,24,P1
201,7,43,167,101,21,P1
201,7,44,309,118,15,P1
201,7,45,53,109,0,P1
201,7,46,201,123,0,P1
201,7,47,169,116,5,P1
201,7,48,297,120,35,P1
201,7,49,351,113,39,P1
201,7,50,395,121,31,P1
201,7,51,323,104,62,P1
201,7,52,243,127,8,P1
201,7,53,209,105,8,P1
201,7,54,335,106,55,P1
201,7,55,360,93,102,P2
201,7,56,285,140,38,P1
201,7,57,295,101,13,P1
201,7,58,295,104,48,P1
201,7,59,125,108,17,P1
201,7,60,399,129,44,P1
201,7,61,262,107,37,P1
201,7,62,660,106,61,P1
201,7,63,189,101,50,P1
201,7,64,261,101,29,P1
201,7,65,345,133,12,P1
201,7,66,313,104,32,P1
201,7,67,459,124,5,P1
201,7,68,181,136,18,P1
201,7,69,187,112,0,P1
201,7,70,109,136,18,P1
201,7,71,383,113,62,P1
201,7,72,277,106,15,P1
201,7,73,360,97,102,P2
201,7,74,189,124,0,P1
201,7,75,343,126,68,P1
201,7,76,541,128,82,P1
201,7,77,483,109,25,P1
201,7,78,97,126,0,P1
201,7,79,335,144,55,P1
201,7,80,236,65,122,P2
201,7,81,461,103,72,P1
201,7,82,145,120,0,P1
201,7,83,155,130,18,P1
201,7,84,147,100,0,P1
201,7,85,209,106,0,P1
201,7,86,143,101,0,P1
201,7,87,259,155,29,P1
201,7,88,331,119,0,P1
201,7,89,370,113,66,P1
201,7,90,189,113,0,P1
201,7,91,233,111,2,P1
201,7,92,355,127,21,P1
201,7,93,191,103,0,P1
201,7,94,201,115,7,P1
201,7,95,271,104,17,P1
201,7,96,255,107,8,P1
201,7,97,207,114,31,P1
201,7,98,201,116,11,P1
201,7,99,159,111,0,P1
151,7,0,163,101,58,P1
151,7,1,219,100,21,P1
151,7,2,395,104,33,P1
151,7,3,75,110,0,P1
151,7,4,171,103,6,P1
151,7,5,297,108,40,P1
151,7,6,449,108,76,P1
151,7,7,239,113,53,P1
151,7,8,181,104,22,P1
151,7,9,233,130,0,P1
151,7,10,273,120,24,P1
151,7,11,281,105,17,P1
151,7,12,209,127,18,P1
151,7,13,411,127,79,P1
151,7,14,479,104,60,P1
151,7,15,421,126,17,P1
151,7,16,207,142,23,P1
151,7,17,243,120,21,P1
151,7,18,285,121,7,P1
151,7,19,223,104,0,P1
151,7,20,277,121,85,P1
151,7,21,233,142,3,P1
151,7,22,171,110,0,P1
151,7,23,177,102,0,P1
151,7,24,516,44,136,P2
151,7,25,625,138,38,P1
151,7,26,291,107,67,P1
151,7,27,179,109,20,P1
151,7,28,277,108,56,P1
151,7,29,325,123,61,P1
151,7,30,171,101,30,P1
151,7,31,181,129,0,P1
151,7,32,441,101,79,P1
151,7,33,235,137,33,P1
151,7,34,381,141,67,P1
151,7,35,301,108,17,P1
151,7,36,143,113,38,P1
151,7,37,373,139,57,P1
151,7,38,247,133,19,P1
151,7,39,441,131,67,P1
151,7,40,507,47,109,P2
151,7,41,385,105,25,P1
151,7,42,295,111,23,P1
151,7,43,153,113,10,P1
151,7,44,411,106,47,P1
151,7,45,329,124,57,P1
151,7,46,339,103,22,P1
151,7,47,307,125,39,P1
151,7,48,243,100,18,P1
151,7,49,245,125,36,P1
151,7,50,107,123,0,P1
151,7,51,133,104,0,P1
151,7,52,241,111,18,P1
151,7,53,254,103,54,P1
151,7,54,225,110,38,P1
151,7,55,293,129,20,P1
151,7,56,385,115,92,P1
151,7,57,280,93,103,P2
151,7,58,225,120,32,P1
151,7,59,221,118,39,P1
151,7,60,253,111,37,P1
151,7,61,179,114,1,P1
151,7,62,101,138,23,P1
151,7,63,381,107,58,P1
151,7,64,243,123,19,P1
151,7,65,131,135,0,P1
151,7,66,125,135,0,P1
151,7,67,265,126,29,P1
151,7,68,405,144,54,P1
151,7,69,251,126,25,P1
151,7,70,303,102,34,P1
151,7,71,213,108,17,P1
151,7,72,401,104,51,P1
151,7,73,272,79,134,P2
151,7,74,149,141,15,P1
151,7,75,235,105,10,P1
151,7,76,269,103,65,P1
151,7,77,143,110,0,P1
151,7,78,443,106,53,P1
151,7,79,263,141,58,P1
151,7,80,309,117,47,P1
151,7,81,255,105,0,P1
151,7,82,125,113,0,P1
151,7,83,547,131,51,P1
151,7,84,311,103,98,P1
151,7,85,343,118,79,P1
151,7,86,375,100,64,P1
151,7,87,323,107,18,P1
151,7,88,253,105,26,P1
151,7,89,239,103,15,P1
151,7,90,145,109,23,P1
151,7,91,153,110,0,P1
151,7,92,559,112,36,P1
151,7,93,223,125,24,P1
151,7,94,641,127,90,P1
151,7,95,313,113,17,P1
151,7,96,431,120,47,P1
151,7,97,265,138,41,P1
151,7,98,309,107,52,P1
151,7,99,163,125,11,P1
101,7,0,633,105,84,P1
101,7,1,451,115,14,P1
101,7,2,695,111,37,P1
101,7,3,437,118,92,P1
101,7,4,1049,111,80,P1
101,7,5,462,71,113,P2
101,7,6,395,111,40,P1
101,7,7,143,115,2,P1
101,7,8,323,124,18,P1
101,7,9,372,0,122,P2
101,7,10,161,112,39,P1
101,7,11,407,104,43,P1
101,7,12,287,111,0,P1
101,7,13,363,128,77,P1
101,7,14,51,110,0,P1
101,7,15,550,63,106,P2
101,7,16,227,106,48,P1
101,7,17,425,100,34,P1
101,7,18,328,75,102,P2
101,7,19,533,121,85,P1
101,7,20,269,102,52,P1
101,7,21,333,110,40,P1
101,7,22,815,102,86,P1
101,7,23,295,101,48,P1
101,7,24,206,19,105,P2
